step,system_total_stopped,system_total_waiting_time,system_mean_waiting_time,system_mean_speed,0_stopped,0_accumulated_waiting_time,0_average_speed,agents_total_stopped,agents_total_accumulated_waiting_time
0.0,0,0.0,0.0,0.0,0,0.0,1.0,0,0.0
5.0,0,0.0,0.0,13.554847842294318,0,0.0,0.9468121042631694,0,0.0
10.0,0,0.0,0.0,13.930490931372004,0,0.0,0.944294072745986,0,0.0
15.0,0,0.0,0.0,12.212348799819067,0,0.0,0.8661170492709245,0,0.0
20.0,1,1.0,0.125,10.636179061471461,0,0.0,0.9763603806118727,0,0.0
25.0,0,0.0,0.0,13.107538077767666,0,0.0,0.9553741556899111,0,0.0
30.0,0,0.0,0.0,12.545179160843974,0,0.0,0.763903361906718,0,0.0
35.0,2,6.0,0.5,9.940862356952943,2,6.0,0.5483283772193037,2,6.0
40.0,4,22.0,2.2,8.034225541069555,4,22.0,0.47501138187885417,4,22.0
45.0,4,42.0,3.5,7.349325006156859,4,42.0,0.40669351107690677,4,42.0
50.0,8,74.0,4.933333333333334,6.691923267190166,8,74.0,0.32316941263098875,8,74.0
55.0,8,114.0,7.6,4.62491602906694,8,114.0,0.3196440778380921,8,114.0
60.0,10,164.0,10.25,3.5545857468367266,10,164.0,0.24716456760311026,10,164.0
65.0,13,223.0,10.136363636363637,4.459555979892766,13,223.0,0.2476633231653535,13,223.0
70.0,15,296.0,11.384615384615385,5.366067477672621,15,296.0,0.33005820899118216,15,296.0
75.0,16,374.0,13.357142857142858,3.5394547125807456,16,374.0,0.24609476799749627,16,374.0
80.0,22,477.0,15.9,2.8667237600840436,22,477.0,0.15287020550410496,22,477.0
85.0,19,374.0,11.333333333333334,3.2353056455989684,19,374.0,0.15586557120151115,19,374.0
90.0,12,252.0,7.636363636363637,5.10853767622537,11,347.0,0.21131471630399892,11,347.0
95.0,11,186.0,4.769230769230769,6.780355832594469,11,260.0,0.20869308500374004,11,260.0
100.0,9,36.0,0.9230769230769231,8.170248274342145,9,228.0,0.33443102125710544,9,228.0
105.0,10,75.0,2.142857142857143,7.1175268647826435,10,219.0,0.27607672054821425,10,219.0
110.0,19,149.0,4.515151515151516,4.436601543114216,19,293.0,0.13273131097572355,19,293.0
115.0,16,169.0,4.970588235294118,4.423482774049524,16,282.0,0.22820359023348116,16,282.0
120.0,13,124.0,3.6470588235294117,5.506812291892486,12,283.0,0.3137417811017701,12,283.0
125.0,13,174.0,4.461538461538462,7.240977825828004,11,260.0,0.28629339275177396,11,260.0
130.0,13,176.0,4.512820512820513,6.473811999798268,13,277.0,0.22338084096555721,13,277.0
135.0,7,36.0,1.0588235294117647,5.771779813177056,7,206.0,0.1870254759732681,7,206.0
140.0,7,30.0,0.9090909090909091,6.185283830263101,7,217.0,0.2272770059886405,7,217.0
145.0,9,36.0,1.0,8.099584173352238,9,237.0,0.27847472032721743,9,237.0
150.0,10,67.0,1.9705882352941178,6.99863077419154,10,219.0,0.30979102367479333,10,219.0
155.0,8,31.0,0.8857142857142857,6.414320640422049,8,196.0,0.22094072989994204,8,196.0
160.0,7,31.0,0.9393939393939394,6.188261641286788,7,203.0,0.3568632468227966,7,203.0
165.0,9,41.0,1.2424242424242424,5.549934632743134,8,224.0,0.23448562642140347,8,224.0
170.0,12,72.0,2.057142857142857,5.967321028641613,12,211.0,0.2202675010859903,12,211.0
175.0,9,35.0,0.9722222222222222,7.217349034124742,8,191.0,0.3405425647367719,8,191.0
180.0,7,36.0,1.0909090909090908,6.175330193003894,7,194.0,0.14604941177944833,7,194.0
185.0,9,33.0,0.9166666666666666,7.364627228684075,8,214.0,0.2540482414125934,8,214.0
190.0,10,53.0,1.65625,6.39676710938028,10,196.0,0.2905357044746183,10,196.0
195.0,9,40.0,1.2121212121212122,6.7332689311466325,9,187.0,0.2881636484756696,9,187.0
200.0,5,39.0,1.21875,6.270438650240653,5,154.0,0.2963992707463579,5,154.0
205.0,5,15.0,0.42857142857142855,7.365843286018217,5,159.0,0.3037690384088874,5,159.0
210.0,8,31.0,0.96875,7.017021836784947,8,137.0,0.2895438085768177,8,137.0
215.0,7,24.0,0.7058823529411765,7.547570061326729,7,140.0,0.24894921563967165,7,140.0
220.0,8,37.0,1.1935483870967742,7.1780389564010445,8,152.0,0.3612808169940756,8,152.0
225.0,6,29.0,0.90625,7.1400159510708985,6,135.0,0.32132323755585857,6,135.0
230.0,7,32.0,1.0,6.15283604387549,7,125.0,0.23367692612687613,7,125.0
235.0,8,32.0,0.9696969696969697,7.423159726254911,7,129.0,0.3482028056412535,7,129.0
240.0,4,26.0,0.896551724137931,7.098457044765502,4,104.0,0.273427280395474,4,104.0
245.0,6,14.0,0.42424242424242425,7.748228058247415,4,103.0,0.3169516657604943,4,103.0
250.0,9,50.0,1.5625,8.679672722818779,7,110.0,0.48136459456672964,7,110.0
255.0,9,57.0,1.9,6.767732720840977,9,103.0,0.2937263524578425,9,103.0
260.0,9,41.0,1.4642857142857142,6.991265976202099,9,120.0,0.22970809948014975,9,120.0
265.0,2,15.0,0.5172413793103449,8.191898093256377,2,96.0,0.40680207448353695,2,96.0
270.0,3,10.0,0.3448275862068966,9.457700718843387,3,98.0,0.4271506003975494,3,98.0
275.0,7,38.0,1.3103448275862069,8.96429967986584,7,117.0,0.32433459806487325,7,117.0
280.0,8,64.0,2.206896551724138,8.500346098052127,8,122.0,0.41742057620224793,8,122.0
285.0,3,28.0,1.12,8.7122979032933,3,90.0,0.4494422286120276,3,90.0
290.0,5,12.0,0.5,6.856319919267178,5,105.0,0.23416639841703224,5,105.0
295.0,11,61.0,2.1785714285714284,7.050077851058043,11,154.0,0.2574724508201058,11,154.0
300.0,13,112.0,4.48,5.0257295145899334,13,185.0,0.2653262001030326,13,185.0
305.0,12,133.0,4.75,5.730504631176443,12,217.0,0.2686339084862863,12,217.0
310.0,5,48.0,1.7142857142857142,6.003245423604971,5,140.0,0.34507853803684035,5,140.0
315.0,5,19.0,0.6333333333333333,6.9982726686169885,4,130.0,0.25628460401990305,4,130.0
320.0,8,37.0,1.15625,7.883526032981627,8,118.0,0.33767178494548294,8,118.0
325.0,6,30.0,0.9090909090909091,8.95697993128086,6,125.0,0.3718133558747031,6,125.0
330.0,4,25.0,0.8928571428571429,6.398586867986794,4,120.0,0.17976948262862652,4,120.0
335.0,6,24.0,0.8275862068965517,6.8862428657819175,5,124.0,0.20794900000933775,5,124.0
340.0,9,43.0,1.4827586206896552,7.5184121229366765,9,118.0,0.41102502222677084,9,118.0
345.0,6,38.0,1.2258064516129032,8.241132271846645,6,122.0,0.3716493617181501,6,122.0
350.0,5,29.0,0.9666666666666667,6.173934593707111,5,127.0,0.299206057895215,5,127.0
355.0,8,28.0,0.9333333333333333,6.251981890414515,7,139.0,0.29949484516462627,7,139.0
360.0,8,45.0,1.6666666666666667,4.859419592672269,8,124.0,0.18923190758881817,8,124.0
365.0,8,35.0,1.0606060606060606,7.42244368616704,8,134.0,0.25412949606680296,8,134.0
370.0,6,43.0,1.3870967741935485,8.77881338388877,5,103.0,0.4504958815143028,5,103.0
375.0,3,34.0,1.1333333333333333,8.447473377108897,3,93.0,0.4112021218662212,3,93.0
380.0,4,10.0,0.35714285714285715,8.21725470222048,3,87.0,0.33885527671920157,3,87.0
385.0,7,28.0,0.9655172413793104,8.103063087594768,7,89.0,0.33236971236326524,7,89.0
390.0,5,29.0,1.0740740740740742,8.460508280265865,5,84.0,0.4303867053990712,5,84.0
395.0,5,37.0,1.15625,8.759709658073994,5,83.0,0.4444926668369762,5,83.0
400.0,7,24.0,0.8275862068965517,7.441687887244693,6,86.0,0.4237459443773733,6,86.0
405.0,7,33.0,1.2222222222222223,4.950166605985317,7,83.0,0.2652493523010337,7,83.0
410.0,8,31.0,1.0689655172413792,5.816473080346595,8,98.0,0.20503551498566397,8,98.0
415.0,6,37.0,1.2758620689655173,6.863911848045606,6,98.0,0.3396295141352093,6,98.0
420.0,5,27.0,0.9310344827586207,8.1973995584438,5,104.0,0.28632962474002693,5,104.0
425.0,8,43.0,1.303030303030303,8.240814130154849,8,107.0,0.31900272787642214,8,107.0
430.0,7,35.0,1.1666666666666667,8.55903309068205,7,123.0,0.41864142062139303,7,123.0
435.0,5,39.0,1.4444444444444444,7.778293700553724,5,103.0,0.3869691279129052,5,103.0
440.0,4,17.0,0.6296296296296297,7.5335510788749325,4,105.0,0.2945801087890696,4,105.0
445.0,9,56.0,1.8666666666666667,8.361709946037147,9,105.0,0.32247888462194874,9,105.0
450.0,7,61.0,2.259259259259259,6.9725458166364085,7,94.0,0.37628782498353835,7,94.0
455.0,6,18.0,0.6206896551724138,6.855622868225665,6,88.0,0.25423181761125735,6,88.0
460.0,4,20.0,0.7407407407407407,7.371984900081264,4,96.0,0.4272684648304822,4,96.0
465.0,5,16.0,0.5714285714285714,8.499606703876639,4,101.0,0.4087333769702005,4,101.0
470.0,7,35.0,1.206896551724138,7.193606585020691,7,101.0,0.29860991430805345,7,101.0
475.0,8,38.0,1.2258064516129032,8.178915048229642,8,117.0,0.36947448396370797,8,117.0
480.0,3,17.0,0.6071428571428571,7.135060268885495,3,71.0,0.3677530877575475,3,71.0
485.0,6,14.0,0.4666666666666667,7.388508158067947,4,76.0,0.32260827144671933,4,76.0
490.0,10,46.0,1.7692307692307692,6.2547504990002,10,111.0,0.25963221110232576,10,111.0
495.0,13,107.0,3.8214285714285716,5.68066883164417,13,173.0,0.1797274473106178,13,173.0
500.0,13,165.0,5.892857142857143,5.38166531567,13,223.0,0.21027191438902354,13,223.0
505.0,11,196.0,6.533333333333333,7.108233143224193,11,256.0,0.3409876293695429,11,256.0
510.0,11,200.0,7.142857142857143,5.702261847581968,11,240.0,0.22167642227269774,11,240.0
515.0,11,87.0,2.71875,6.552958680884593,11,191.0,0.2029906769000367,11,191.0
520.0,6,30.0,0.9090909090909091,7.731186674981487,6,202.0,0.44305912036531236,6,202.0
525.0,7,27.0,0.8181818181818182,7.615204447521258,5,210.0,0.4330218252805976,5,210.0
530.0,8,42.0,1.3125,5.641915163615904,8,197.0,0.14997907290172513,8,197.0
535.0,10,35.0,1.09375,6.732564244203037,9,201.0,0.25678810279509384,9,201.0
540.0,7,46.0,1.6428571428571428,5.417758659248747,7,239.0,0.13530395734337097,7,239.0
545.0,8,71.0,2.1515151515151514,7.775160564626806,8,256.0,0.25669671218440654,8,256.0
550.0,11,91.0,2.935483870967742,6.878052809310277,11,223.0,0.34149336671867286,11,223.0
555.0,7,32.0,1.032258064516129,6.6735771527379715,7,127.0,0.31516730616804345,7,127.0
560.0,6,32.0,1.0666666666666667,7.951125932745141,6,89.0,0.3680785411972451,6,89.0
565.0,4,23.0,0.6764705882352942,8.124739943112743,4,78.0,0.38861336609670344,4,78.0
570.0,8,30.0,0.9375,7.890214388250028,6,90.0,0.3575986842037906,6,90.0
575.0,8,43.0,1.34375,7.749131319246388,8,84.0,0.3024121899423589,8,84.0
580.0,6,25.0,0.8064516129032258,8.329127723690183,6,68.0,0.38288773075316096,6,68.0
585.0,3,15.0,0.5357142857142857,8.437003550611015,3,76.0,0.4040143130674266,3,76.0
590.0,5,24.0,0.8571428571428571,8.733713999459871,4,79.0,0.32546891802899514,4,79.0
595.0,7,33.0,1.1785714285714286,8.563272356777402,7,74.0,0.3936800283985644,7,74.0
600.0,3,21.0,0.84,8.412512417035883,3,75.0,0.38152306252591284,3,75.0
605.0,4,17.0,0.6538461538461539,6.914785875084258,4,76.0,0.28971440858499004,4,76.0
610.0,6,24.0,0.8888888888888888,7.613127229165793,6,88.0,0.41502630091589576,6,88.0
615.0,8,41.0,1.64,6.328737057226845,8,86.0,0.3349271972388194,8,86.0
620.0,8,34.0,1.2142857142857142,6.945712439849484,8,97.0,0.3139512821817352,8,97.0
625.0,4,19.0,0.6333333333333333,8.091154610052905,4,91.0,0.43540958487446596,4,91.0
630.0,4,15.0,0.5357142857142857,7.976217628898311,4,95.0,0.2916930105774929,4,95.0
635.0,7,35.0,1.1666666666666667,7.4084568262485515,7,119.0,0.208249874110314,7,119.0
640.0,6,28.0,0.9655172413793104,8.792620795662213,6,94.0,0.39343881708451595,6,94.0
645.0,2,9.0,0.34615384615384615,8.333466391730244,2,96.0,0.45151899453217553,2,96.0
650.0,6,22.0,0.8148148148148148,7.58441637074165,6,109.0,0.3069255941737565,6,109.0
655.0,7,40.0,1.4814814814814814,7.290932986895893,7,106.0,0.3320241084115879,7,106.0
660.0,4,22.0,0.88,7.996248610658738,4,110.0,0.3239030787665915,4,110.0
665.0,1,4.0,0.14285714285714285,9.08408718901381,1,90.0,0.45013896777850154,1,90.0
670.0,4,11.0,0.39285714285714285,8.968469182464599,4,99.0,0.4918148745983924,4,99.0
675.0,6,20.0,0.7692307692307693,6.616269442016726,6,86.0,0.36260886337911596,6,86.0
680.0,9,29.0,1.0740740740740742,6.518584501359635,8,95.0,0.283931430721315,8,95.0
685.0,1,6.0,0.21428571428571427,7.881205887121387,1,62.0,0.4649047497242658,1,62.0
690.0,5,17.0,0.6296296296296297,7.9960992115426235,4,71.0,0.21122262061002092,4,71.0
695.0,7,30.0,0.9375,8.777881466317188,7,67.0,0.2993455258260002,7,67.0
700.0,4,21.0,0.7,9.641140338546613,4,75.0,0.5048050521297932,4,75.0
705.0,1,1.0,0.04,9.439886512593155,1,48.0,0.5636629556138364,1,48.0
710.0,5,19.0,0.7916666666666666,7.425407329588154,4,65.0,0.2875249279074045,4,65.0
715.0,7,32.0,1.28,7.901857018050204,7,66.0,0.36857357406404806,7,66.0
720.0,2,7.0,0.2692307692307692,8.997879057952519,1,57.0,0.4666330814634477,1,57.0
725.0,2,5.0,0.18518518518518517,8.799091743667843,2,63.0,0.43832757131635125,2,63.0
730.0,5,23.0,0.92,8.447900061301318,5,81.0,0.37770455792282964,5,81.0
735.0,7,34.0,1.5454545454545454,7.1539040314074125,7,73.0,0.3243536214991542,7,73.0
740.0,5,17.0,0.7727272727272727,7.279792601395145,5,73.0,0.2903631224590897,5,73.0
745.0,1,1.0,0.038461538461538464,8.697287170198404,1,67.0,0.5093607102734055,1,67.0
750.0,5,14.0,0.56,9.160172561502108,4,78.0,0.4853797577452336,4,78.0
755.0,7,44.0,1.5172413793103448,8.341661664558286,6,104.0,0.371485752184097,6,104.0
760.0,8,60.0,2.142857142857143,7.54050171010214,8,107.0,0.39087640736135226,8,107.0
765.0,3,24.0,0.96,7.152588474319952,3,104.0,0.35549052427053157,3,104.0
770.0,1,3.0,0.1111111111111111,7.614240348795035,1,110.0,0.3204774083514517,1,110.0
775.0,4,20.0,0.7142857142857143,9.375245177287146,4,127.0,0.4089323540331931,4,127.0
780.0,8,42.0,1.6153846153846154,7.380921813477854,8,123.0,0.217729571998695,8,123.0
785.0,7,33.0,1.2222222222222223,7.704019152875592,7,130.0,0.311237545029955,7,130.0
790.0,2,5.0,0.2,7.027848818428745,2,130.0,0.46261666790566747,2,130.0
795.0,5,17.0,0.6071428571428571,7.80489066133636,3,140.0,0.461876034180366,3,140.0
800.0,7,34.0,1.2142857142857142,7.112425214098896,7,170.0,0.30775588052061764,7,170.0
805.0,8,35.0,1.1666666666666667,7.886678776459126,6,125.0,0.33493096977837433,6,125.0
810.0,4,24.0,0.9230769230769231,7.561119139756513,4,95.0,0.24513468540352434,4,95.0
815.0,3,17.0,0.6071428571428571,8.446995081362527,3,94.0,0.2888848002530069,3,94.0
820.0,6,18.0,0.6206896551724138,9.396800228065285,5,100.0,0.4800754541134695,5,100.0
825.0,8,42.0,1.68,7.641901663150344,8,103.0,0.4137990368447002,8,103.0
830.0,9,39.0,1.5,6.569294303310894,9,97.0,0.22712730061669448,9,97.0
835.0,3,10.0,0.3448275862068966,7.824240799138227,3,82.0,0.42944329561871203,3,82.0
840.0,5,19.0,0.7037037037037037,7.450434519361467,4,94.0,0.3785341137102852,4,94.0
845.0,7,32.0,1.032258064516129,8.297942438529853,7,83.0,0.35860914524381715,7,83.0
850.0,6,27.0,0.9,8.634838162494894,5,92.0,0.4197991497268779,5,92.0
855.0,5,35.0,1.3461538461538463,6.7083512783727635,5,113.0,0.1979666838651489,5,113.0
860.0,13,85.0,3.269230769230769,5.43624786697849,13,163.0,0.15759986734302892,13,163.0
865.0,12,101.0,3.8846153846153846,5.204221800440943,12,179.0,0.3076981738372628,12,179.0
870.0,9,114.0,4.384615384615385,6.804995051902357,9,193.0,0.34022389990731294,9,193.0
875.0,10,123.0,3.84375,6.927668077172095,10,178.0,0.22181724807063039,10,178.0
880.0,8,69.0,2.090909090909091,8.585876766763437,8,190.0,0.432253195230765,8,190.0
885.0,4,22.0,0.7333333333333333,7.367573593712945,4,199.0,0.3837690128524934,4,199.0
890.0,7,27.0,0.9,7.18135267456089,6,212.0,0.260952086648792,6,212.0
895.0,8,48.0,1.6551724137931034,6.6429624113997,8,199.0,0.3007666557916938,8,199.0
900.0,7,42.0,1.6153846153846154,5.574003583932518,7,199.0,0.18792555380401288,7,199.0
905.0,6,28.0,0.9032258064516129,6.731739616258551,6,215.0,0.2597902067569663,6,215.0
910.0,7,32.0,1.103448275862069,7.09382451592912,6,234.0,0.34803194039062724,6,234.0
915.0,10,51.0,1.8888888888888888,5.708121554383291,10,211.0,0.2736695172397844,10,211.0
920.0,10,43.0,1.4333333333333333,6.90531064151521,10,208.0,0.3179859211776431,10,208.0
925.0,3,7.0,0.21212121212121213,7.730757628479921,3,168.0,0.36205859639087873,3,168.0
930.0,5,14.0,0.45161290322580644,7.536097695505779,4,175.0,0.28431280108894214,4,175.0
935.0,10,56.0,1.8064516129032258,7.195368820381361,9,212.0,0.1888927375061209,9,212.0
940.0,10,75.0,2.4193548387096775,7.283155179642282,10,200.0,0.34348467533929944,10,200.0
945.0,6,40.0,1.3333333333333333,7.706111366423317,6,183.0,0.3749314367929144,6,183.0
950.0,2,2.0,0.06666666666666667,6.947373695283896,2,194.0,0.29868207774981204,2,194.0
955.0,5,19.0,0.6129032258064516,7.923038169337526,4,210.0,0.3879284642840828,4,210.0
960.0,7,38.0,1.3571428571428572,6.476910994626345,7,192.0,0.2354346636095027,7,192.0
965.0,7,22.0,0.7333333333333333,7.273299794939662,7,175.0,0.20775423514076802,7,175.0
970.0,5,17.0,0.5862068965517241,7.40514255722373,5,190.0,0.3611052629169372,5,190.0
975.0,5,18.0,0.6,7.811839458292059,4,203.0,0.3589440813358602,4,203.0
980.0,9,38.0,1.4074074074074074,6.093491089376302,9,188.0,0.23741764871537913,9,188.0
985.0,7,34.0,1.1333333333333333,7.05791291230355,7,185.0,0.3036480687633821,7,185.0
990.0,5,31.0,1.1923076923076923,5.268694805234547,5,214.0,0.16204753438491443,5,214.0
995.0,9,67.0,2.09375,6.063997179320951,9,258.0,0.19759068409182715,9,258.0
1000.0,12,116.0,3.7419354838709675,5.400783923148896,12,269.0,0.32303580263828563,12,269.0
1005.0,12,130.0,4.333333333333333,4.836910637610344,12,286.0,0.2689969562164931,12,286.0
1010.0,15,165.0,5.15625,4.590400286174928,15,284.0,0.1618927306029917,15,284.0
1015.0,13,219.0,6.083333333333333,6.9728045982150855,13,283.0,0.2574482585807863,13,283.0
1020.0,8,140.0,3.888888888888889,6.282243028542431,8,204.0,0.29783474081453276,8,204.0
1025.0,6,16.0,0.43243243243243246,7.128248770340766,5,138.0,0.3555441183815669,5,138.0
1030.0,8,35.0,1.0,6.220631466844574,8,147.0,0.273861371986037,8,147.0
1035.0,9,36.0,1.0,6.140500267542815,9,149.0,0.18094733705631205,9,149.0
1040.0,12,72.0,2.1176470588235294,6.394876947504852,12,205.0,0.23194060748805848,12,205.0
1045.0,16,143.0,3.9722222222222223,6.23028816979683,16,276.0,0.24417722750965704,16,276.0
1050.0,19,215.0,6.515151515151516,4.0224059935970855,19,332.0,0.21024379357705017,19,332.0
1055.0,17,267.0,7.416666666666667,4.466131122476497,17,375.0,0.15475941490793232,17,375.0
1060.0,12,199.0,5.378378378378378,5.211833139098496,12,273.0,0.30200229003699885,12,273.0
1065.0,6,38.0,0.9743589743589743,6.414815881812581,5,231.0,0.28226502364797196,5,231.0
1070.0,8,34.0,0.85,6.863081994732795,8,219.0,0.22594652375131766,8,219.0
1075.0,10,45.0,1.125,7.300868021900607,10,216.0,0.2817105165564005,10,216.0
1080.0,8,51.0,1.457142857142857,6.05956886125907,8,197.0,0.14376428737351915,8,197.0
1085.0,7,27.0,0.7297297297297297,7.452172980319428,7,176.0,0.21301417407007056,7,176.0
1090.0,7,32.0,1.0,7.014990465976137,7,182.0,0.29851580329732597,7,182.0
1095.0,6,28.0,0.875,7.196801241204058,6,178.0,0.29588431875373156,6,178.0
1100.0,6,36.0,1.2,6.671164261920713,6,160.0,0.3104885619290121,6,160.0
1105.0,5,22.0,0.6666666666666666,7.6627289100226665,5,149.0,0.3019425384225693,5,149.0
1110.0,7,34.0,1.1333333333333333,8.218387677655077,6,111.0,0.38512389230332067,6,111.0
1115.0,7,47.0,1.3428571428571427,7.916771226462719,7,113.0,0.3044888190777742,7,113.0
1120.0,8,31.0,0.9393939393939394,7.247525250585259,8,124.0,0.3953419162186923,8,124.0
1125.0,7,41.0,1.3666666666666667,6.01947753854362,7,133.0,0.26666319490117535,7,133.0
1130.0,8,32.0,1.032258064516129,6.458351158450669,7,142.0,0.17582865816578788,7,142.0
1135.0,9,51.0,1.7586206896551724,6.982948255458305,9,133.0,0.3139379319816867,9,133.0
1140.0,6,29.0,1.0740740740740742,6.211799796094242,6,135.0,0.1198509812701892,6,135.0
1145.0,6,31.0,1.0333333333333334,7.529236497771849,6,139.0,0.282691442325944,6,139.0
1150.0,5,19.0,0.6129032258064516,8.034490225682767,4,144.0,0.42259533020888335,4,144.0
1155.0,8,38.0,1.3103448275862069,6.207044627021532,8,140.0,0.3130016713696005,8,140.0
1160.0,9,36.0,1.2,6.468304021778125,9,155.0,0.2436659232711189,9,155.0
1165.0,9,62.0,2.0,7.734908144180937,8,150.0,0.33836120552837484,8,150.0
1170.0,7,54.0,1.7419354838709677,7.203324797224895,7,130.0,0.3662023021586813,7,130.0
1175.0,4,21.0,0.7,7.38815962063994,4,132.0,0.27534862290882667,4,132.0
1180.0,6,30.0,0.967741935483871,7.960099502131477,6,115.0,0.3386787888929286,6,115.0
1185.0,5,17.0,0.5666666666666667,7.5811031482931694,5,141.0,0.33402230919507864,5,141.0
1190.0,9,40.0,1.4814814814814814,6.11394037295431,9,134.0,0.22839434421770277,9,134.0
1195.0,6,46.0,1.4375,7.446174077124811,6,122.0,0.3716777123462771,6,122.0
1200.0,6,15.0,0.5172413793103449,7.27298000726629,5,120.0,0.3692223917851269,5,120.0
1205.0,6,27.0,0.84375,7.979920654666353,6,99.0,0.3692174016433749,6,99.0
1210.0,7,20.0,0.6451612903225806,7.446678402120917,6,104.0,0.306425593070053,6,104.0
1215.0,6,42.0,1.5,8.403595766274378,5,91.0,0.372028632742577,5,91.0
1220.0,6,51.0,1.7,7.798749197417198,6,86.0,0.37509204396298224,6,86.0
1225.0,5,16.0,0.5161290322580645,9.398263536204551,5,89.0,0.4961451029652989,5,89.0
1230.0,4,23.0,0.8846153846153846,7.641381169246244,4,93.0,0.3418498727169285,4,93.0
1235.0,6,18.0,0.6,7.462714364129362,6,102.0,0.23794636631992283,6,102.0
1240.0,6,28.0,1.0,7.966693590363923,6,79.0,0.4830294408686857,6,79.0
1245.0,5,13.0,0.4482758620689655,7.970155382940744,3,75.0,0.4321980090097804,3,75.0
1250.0,4,20.0,0.7407407407407407,7.466652605380737,4,76.0,0.38052228090988316,4,76.0
1255.0,4,14.0,0.5,7.850350633734003,4,61.0,0.3240523989471802,4,61.0
1260.0,5,22.0,0.88,7.270534595942298,5,52.0,0.21260920985909001,5,52.0
1265.0,5,16.0,0.5714285714285714,8.825453542826617,5,59.0,0.31708397931469084,5,59.0
1270.0,5,30.0,1.1111111111111112,9.180359176013761,5,67.0,0.5078107969168717,5,67.0
1275.0,4,17.0,0.6296296296296297,7.791144253630903,4,73.0,0.41158391215524165,4,73.0
1280.0,9,54.0,2.16,7.0744996165636564,9,93.0,0.31288547009353795,9,93.0
1285.0,6,57.0,1.9655172413793103,6.903252762051349,6,75.0,0.31471648149509407,6,75.0
1290.0,6,22.0,0.8148148148148148,8.161729749401145,5,64.0,0.40185536135385563,5,64.0
1295.0,3,12.0,0.4,8.917809611248174,3,62.0,0.43453150109749966,3,62.0
1300.0,6,22.0,0.7586206896551724,9.146648728027875,5,71.0,0.48274897347458307,5,71.0
1305.0,4,29.0,1.0740740740740742,7.839415159282896,4,69.0,0.30781942948794916,4,69.0
1310.0,4,13.0,0.5,9.28512532257712,4,60.0,0.38564550655628227,4,60.0
1315.0,3,14.0,0.56,8.42161438452593,3,63.0,0.4236400361181031,3,63.0
1320.0,5,28.0,1.12,8.077401078828572,5,78.0,0.32233783973988805,5,78.0
1325.0,7,47.0,1.88,7.657968383206375,7,78.0,0.3665651970861327,7,78.0
1330.0,5,23.0,0.8846153846153846,8.092306440482902,5,80.0,0.45308727179756647,5,80.0
1335.0,5,39.0,1.625,8.611709036411707,5,69.0,0.42383670555563074,5,69.0
1340.0,6,67.0,2.68,9.301138848470472,6,76.0,0.3386078550676326,6,76.0
1345.0,4,57.0,2.111111111111111,8.965153315783333,4,80.0,0.4074133286040184,4,80.0
1350.0,2,5.0,0.20833333333333334,9.206500905349602,2,30.0,0.5419780724249516,2,30.0
1355.0,5,25.0,1.0,8.09098304844604,5,50.0,0.3483602348302521,5,50.0
1360.0,10,69.0,2.6538461538461537,7.586358908549283,10,94.0,0.3201056065880851,10,94.0
1365.0,10,89.0,3.869565217391304,5.566579017350941,10,114.0,0.29123234662544745,10,114.0
1370.0,9,99.0,3.96,6.596643475088602,8,138.0,0.34495384919432553,8,138.0
1375.0,9,102.0,3.642857142857143,7.575493745344097,9,128.0,0.3849130570785975,9,128.0
1380.0,4,19.0,0.6551724137931034,8.51050992290892,4,97.0,0.3662684780421912,4,97.0
1385.0,7,30.0,1.0344827586206897,7.71314717575372,7,93.0,0.308123858414887,7,93.0
1390.0,8,36.0,1.3333333333333333,7.4616682265193575,8,109.0,0.32183403645810715,8,109.0
1395.0,8,46.0,1.5862068965517242,6.854335513869815,8,105.0,0.3273730288627209,8,105.0
1400.0,6,26.0,0.896551724137931,7.828554649066436,6,71.0,0.37660199194335253,6,71.0
1405.0,7,52.0,1.793103448275862,9.428681781344004,6,73.0,0.44276770717739655,6,73.0
1410.0,10,94.0,3.357142857142857,8.095814679264304,9,94.0,0.26281546635845643,9,94.0
1415.0,5,58.0,2.0,8.377173391876607,5,89.0,0.32274709945078783,5,89.0
1420.0,2,6.0,0.20689655172413793,10.069134551034423,1,45.0,0.608563691384143,1,45.0
1425.0,2,6.0,0.23076923076923078,9.35828885322063,2,47.0,0.5510859085052958,2,47.0
1430.0,7,25.0,0.9259259259259259,8.690859796610672,7,66.0,0.37247136184573504,7,66.0
1435.0,6,33.0,1.2692307692307692,7.654345432073582,6,55.0,0.4201987896286923,6,55.0
1440.0,4,23.0,1.0454545454545454,8.723628260901792,4,59.0,0.37473499602145205,4,59.0
1445.0,5,44.0,1.5172413793103448,9.900541530193099,5,45.0,0.4049164079081247,5,45.0
1450.0,7,74.0,2.8461538461538463,9.11425245549293,7,75.0,0.479903247148052,7,75.0
1455.0,8,113.0,4.913043478260869,6.511556630707628,8,114.0,0.2875576931159114,8,114.0
1460.0,14,122.0,5.809523809523809,3.454787251906379,14,123.0,0.16923521344931872,14,123.0
1465.0,7,66.0,2.64,7.122624340580879,7,118.0,0.3620603747677933,7,118.0
1470.0,5,37.0,1.3703703703703705,7.737884894141388,5,56.0,0.4648218880475724,5,56.0
1475.0,3,14.0,0.42424242424242425,9.26224684327516,3,56.0,0.4386643845389705,3,56.0
1480.0,11,51.0,1.7,7.932927054926055,9,63.0,0.3564987182031782,9,63.0
1485.0,6,49.0,1.75,7.2372944383738105,6,81.0,0.29438938147607363,6,81.0
1490.0,4,10.0,0.35714285714285715,7.752150883602182,4,45.0,0.28750367768729995,4,45.0
1495.0,7,39.0,1.3928571428571428,9.524689465530171,5,40.0,0.5581582061652608,5,40.0
1500.0,6,67.0,2.576923076923077,9.257674255694338,5,58.0,0.4457875587982517,5,58.0
1505.0,10,107.0,3.8214285714285716,8.375429728257586,9,93.0,0.2709961401046873,9,93.0
1510.0,5,38.0,1.52,8.162957855529507,5,38.0,0.583819451368836,5,38.0
1515.0,2,8.0,0.3333333333333333,8.707262937019326,1,21.0,0.5597721639615706,1,21.0
1520.0,4,26.0,0.9629629629629629,10.02520049974261,3,21.0,0.4805306330770233,3,21.0
1525.0,1,9.0,0.32142857142857145,10.257717437263887,1,9.0,0.6689880326648144,1,9.0
1530.0,1,4.0,0.18181818181818182,9.415679565360229,1,4.0,0.5264781814015966,1,4.0
1535.0,5,22.0,1.0,8.550922660450361,5,22.0,0.25604697462318204,5,22.0
1540.0,8,56.0,2.6666666666666665,8.59197986070802,8,56.0,0.36693008772441654,8,56.0
1545.0,6,72.0,3.272727272727273,7.675869675974752,6,72.0,0.4389824459241483,6,72.0
1550.0,9,90.0,4.285714285714286,6.3368434227220956,9,98.0,0.3949685390214354,9,98.0
1555.0,5,42.0,1.6153846153846154,6.707676145661042,5,50.0,0.4415341018358212,5,50.0
1560.0,5,14.0,0.5384615384615384,7.64275555489409,4,33.0,0.41080013843111346,4,33.0
1565.0,9,54.0,1.8620689655172413,8.615897909743685,7,51.0,0.3791776687698844,7,51.0
1570.0,12,107.0,3.689655172413793,7.980967400416386,10,94.0,0.37263172729444727,10,94.0
1575.0,13,169.0,6.5,6.642666256900897,11,146.0,0.2598818300199741,11,146.0
1580.0,8,102.0,4.08,6.295947041464354,8,118.0,0.22678040640809455,8,118.0
1585.0,2,12.0,0.4444444444444444,8.763343185731447,2,98.0,0.4715254647146211,2,98.0
1590.0,6,25.0,1.0416666666666667,7.054819019557012,6,95.0,0.3261336573766845,6,95.0
1595.0,12,70.0,2.3333333333333335,7.754560335672644,12,140.0,0.23714150590639876,12,140.0
1600.0,13,134.0,4.466666666666667,7.760670563767869,13,204.0,0.43333326541820805,13,204.0
1605.0,15,202.0,7.481481481481482,4.67430702168118,15,272.0,0.2763095784003197,15,272.0
1610.0,20,296.0,10.571428571428571,2.4748573882549914,20,366.0,0.11715906128925443,20,366.0
1615.0,20,346.0,11.931034482758621,2.6871017247842643,20,380.0,0.16003155379890502,20,380.0
1620.0,11,216.0,6.967741935483871,4.224734785416151,11,340.0,0.2076590048921193,11,340.0
1625.0,10,128.0,3.4594594594594597,5.950969837712885,10,313.0,0.2773138177852203,10,313.0
1630.0,9,34.0,0.918918918918919,7.0557036864564955,9,255.0,0.3208381861023894,9,255.0
1635.0,12,80.0,2.2222222222222223,7.715364416437629,12,243.0,0.2770553705249612,12,243.0
1640.0,13,145.0,4.027777777777778,8.304158378716012,13,294.0,0.21875582189121082,13,294.0
1645.0,14,212.0,5.888888888888889,8.32326300186963,14,361.0,0.25562850892866495,14,361.0
1650.0,12,230.0,7.1875,6.938263215920676,12,328.0,0.28348664918166955,12,328.0
1655.0,6,53.0,1.65625,7.246978514354769,6,237.0,0.20422307746945986,6,237.0
1660.0,4,18.0,0.6,7.50793467022562,4,254.0,0.3775676291566168,4,254.0
1665.0,10,59.0,1.903225806451613,6.837521034145673,10,295.0,0.3087377633203253,10,295.0
1670.0,17,134.0,4.0606060606060606,5.056097852968797,17,370.0,0.18781513533794228,17,370.0
1675.0,22,235.0,7.34375,3.738956467220622,22,471.0,0.2092763900882725,22,471.0
1680.0,24,353.0,11.387096774193548,1.5759976257087611,24,589.0,0.05694371743133574,24,589.0
1685.0,26,435.0,12.428571428571429,2.4848888195474585,26,594.0,0.09770260431521828,26,594.0
1690.0,18,309.0,8.35135135135135,4.443067851934994,18,553.0,0.23459000189184753,18,553.0
1695.0,9,119.0,3.051282051282051,5.176064159703248,9,430.0,0.2729535905632839,9,430.0
1700.0,7,26.0,0.6341463414634146,6.206569658885419,7,395.0,0.23616863915693867,7,395.0
1705.0,11,57.0,1.3255813953488371,6.306153472758035,11,345.0,0.21096428145899215,11,345.0
1710.0,9,29.0,0.725,5.852804262900361,8,306.0,0.20074636015227412,8,306.0
1715.0,13,64.0,1.6,5.887509211148666,13,360.0,0.20083034296864663,13,360.0
1720.0,18,140.0,3.5,5.941564522019613,18,439.0,0.25812025683396417,18,439.0
1725.0,21,218.0,5.589743589743589,4.085606913409047,21,455.0,0.16522911490644263,21,455.0
1730.0,20,222.0,5.842105263157895,3.454207015862276,20,482.0,0.10690488861938696,20,482.0
1735.0,14,199.0,4.975,4.2718708530524605,14,473.0,0.1828457012476335,14,473.0
1740.0,13,71.0,1.8205128205128205,4.768256303994932,12,465.0,0.16642402653197075,12,465.0
1745.0,12,75.0,1.6666666666666667,6.444269784146202,12,383.0,0.19441839096933927,12,383.0
1750.0,9,39.0,0.9069767441860465,6.251429495578753,9,361.0,0.26660639202653585,9,361.0
1755.0,11,42.0,1.024390243902439,5.4008851002429035,11,363.0,0.15882438411843458,11,363.0
1760.0,11,48.0,1.2,6.285758550153922,11,376.0,0.18309555774262767,11,376.0
1765.0,13,92.0,2.3,7.085893355635337,13,358.0,0.22755248973692427,13,358.0
1770.0,17,136.0,3.5789473684210527,5.173069437764668,17,341.0,0.19645236918769962,17,341.0
1775.0,12,74.0,1.8974358974358974,5.526809715194259,12,264.0,0.1712025860953328,12,264.0
1780.0,12,80.0,2.1052631578947367,7.3717196467053325,12,233.0,0.3419585482976182,12,233.0
1785.0,6,50.0,1.2820512820512822,6.944990301227549,6,221.0,0.2909320441845013,6,221.0
1790.0,9,28.0,0.7567567567567568,6.415527696790107,9,230.0,0.2504198834794969,9,230.0
1795.0,9,45.0,1.1842105263157894,6.663506300183369,9,197.0,0.2661382306172073,9,197.0
1800.0,8,31.0,0.8857142857142857,6.287812265040775,7,184.0,0.24007305533816625,7,184.0
1805.0,10,53.0,1.4324324324324325,7.611188724181242,8,169.0,0.2658565803087047,8,169.0
1810.0,6,49.0,1.4848484848484849,7.373433677749162,6,168.0,0.36080059739730447,6,168.0
1815.0,3,10.0,0.3125,8.271949490708348,3,162.0,0.32909466527493575,3,162.0
1820.0,7,28.0,0.9032258064516129,7.877182064807941,7,144.0,0.29212794587011154,7,144.0
1825.0,8,34.0,1.0303030303030303,8.02243825630312,8,155.0,0.35188106595473195,8,155.0
1830.0,7,35.0,1.1666666666666667,6.704473938963672,7,155.0,0.331379055535564,7,155.0
1835.0,5,20.0,0.625,6.247053657317588,5,161.0,0.27475403982208446,5,161.0
1840.0,10,46.0,1.4838709677419355,5.805900754884093,10,169.0,0.2880586030299011,10,169.0
1845.0,8,43.0,1.303030303030303,6.382149015830161,8,139.0,0.22818391671178775,8,139.0
1850.0,11,69.0,2.090909090909091,7.335025896471095,9,148.0,0.28339207562296626,9,148.0
1855.0,6,63.0,1.9090909090909092,7.513811883111046,6,133.0,0.36206777102629384,6,133.0
1860.0,6,20.0,0.7142857142857143,6.744082741007436,6,136.0,0.1326340057203687,6,136.0
1865.0,6,31.0,1.0333333333333334,7.978860932474258,6,109.0,0.32187426933534746,6,109.0
1870.0,5,19.0,0.59375,8.806543873984157,5,118.0,0.4134039212117175,5,118.0
1875.0,5,28.0,0.9032258064516129,8.750716179022133,5,92.0,0.4657275180935003,5,92.0
1880.0,5,41.0,1.4137931034482758,7.02786103438378,5,85.0,0.3858426011935716,5,85.0
1885.0,8,19.0,0.6333333333333333,7.342133643428868,8,65.0,0.2627732277997508,8,65.0
1890.0,6,28.0,1.0769230769230769,6.373285194034373,6,76.0,0.2557993642370657,6,76.0
1895.0,5,15.0,0.46875,7.999504937969221,4,74.0,0.32120983390842406,4,74.0
1900.0,8,52.0,1.8571428571428572,8.863847895915677,7,77.0,0.4636741206392011,7,77.0
1905.0,5,45.0,1.5517241379310345,8.020073805737104,5,72.0,0.3884890405579902,5,72.0
1910.0,4,16.0,0.5925925925925926,8.196763974005606,4,42.0,0.3088134129780932,4,42.0
1915.0,6,42.0,1.5,9.520578326095052,5,38.0,0.4279559206475251,5,38.0
1920.0,7,74.0,2.740740740740741,10.134843053692112,6,65.0,0.5373409372249704,6,65.0
1925.0,7,109.0,4.037037037037037,8.562821386417435,6,95.0,0.3818817526543357,6,95.0
1930.0,12,159.0,6.36,6.146503793230779,11,140.0,0.24454737244880972,11,140.0
1935.0,9,126.0,5.478260869565218,5.340989250018843,9,126.0,0.3003472058537479,9,126.0
1940.0,4,14.0,0.6086956521739131,6.153911846452877,4,104.0,0.27891430723895866,4,104.0
1945.0,7,37.0,1.2758620689655173,9.37622005988587,5,45.0,0.4854464614841593,5,45.0
1950.0,2,5.0,0.17857142857142858,8.995941795444468,2,28.0,0.5407784084749686,2,28.0
1955.0,3,11.0,0.36666666666666664,9.282180550420474,2,25.0,0.4454476266903818,2,25.0
1960.0,10,49.0,1.75,9.010487636205122,7,52.0,0.5067179140869669,7,52.0
1965.0,6,45.0,1.7307692307692308,8.17583995381989,6,53.0,0.4332891671467978,6,53.0
1970.0,4,9.0,0.34615384615384615,8.60648635232464,4,41.0,0.42163671054977175,4,41.0
1975.0,5,15.0,0.6,8.23702546258511,5,47.0,0.47950192181207146,5,47.0
1980.0,5,35.0,1.5217391304347827,8.475259439884548,5,67.0,0.23067158734338103,5,67.0
1985.0,7,51.0,1.8888888888888888,9.199818489218716,7,70.0,0.3308307540907975,7,70.0
1990.0,2,13.0,0.5416666666666666,10.297179625304627,2,61.0,0.5838983695088874,2,61.0
1995.0,2,23.0,1.0454545454545454,9.956533281956714,2,30.0,0.5339283794438864,2,30.0
2000.0,7,47.0,1.9583333333333333,8.99247774771485,7,47.0,0.4069793068752127,7,47.0
2005.0,2,26.0,1.0833333333333333,8.027291951686431,2,26.0,0.5261636628340238,2,26.0
2010.0,5,10.0,0.43478260869565216,8.8132581724073,3,17.0,0.5200257497510438,3,17.0
2015.0,5,35.0,1.4583333333333333,9.710785862889756,3,22.0,0.47722550054277313,3,22.0
2020.0,2,15.0,0.5769230769230769,9.716491255212215,2,26.0,0.5791017977985007,2,26.0
2025.0,1,1.0,0.041666666666666664,9.5387773517847,0,13.0,0.6772831598656449,0,13.0
2030.0,6,17.0,0.7391304347826086,9.346369832090796,4,10.0,0.4280414795261494,4,10.0
2035.0,1,4.0,0.16666666666666666,9.95736068467213,1,4.0,0.7316610155145354,1,4.0
2040.0,2,5.0,0.21739130434782608,11.119686788906074,2,5.0,0.6495620923877287,2,5.0
2045.0,1,1.0,0.041666666666666664,10.840112119006013,1,1.0,0.6204618076050827,1,1.0
2050.0,2,9.0,0.391304347826087,11.43475015991792,2,9.0,0.710727541400381,2,9.0
2055.0,3,24.0,1.2,10.249905467902007,3,24.0,0.536866138587057,3,24.0
2060.0,6,48.0,2.526315789473684,7.989424847391654,6,48.0,0.28418507892527767,6,48.0
2065.0,2,24.0,1.263157894736842,8.597961159319055,2,24.0,0.6045397609982059,2,24.0
2070.0,1,1.0,0.05,10.849527725666936,0,9.0,0.714668210936598,0,9.0
2075.0,2,5.0,0.21739130434782608,10.674430058859178,2,14.0,0.5526359954136316,2,14.0
2080.0,4,22.0,0.9565217391304348,11.847165817583356,4,31.0,0.5744016421331027,4,31.0
2085.0,6,44.0,2.2,9.2782441537297,6,53.0,0.3717548355128862,6,53.0
2090.0,2,31.0,1.8235294117647058,6.899894005829497,2,33.0,0.46240903003507394,2,33.0
2095.0,2,3.0,0.13043478260869565,10.666550191981914,1,3.0,0.6937680605026779,1,3.0
2100.0,1,1.0,0.05,10.214737950030607,1,3.0,0.6317809781864979,1,3.0
2105.0,6,16.0,0.6153846153846154,10.295144091699772,6,18.0,0.5208499099992129,6,18.0
2110.0,3,21.0,1.0,8.914310300750852,3,22.0,0.5271151921470052,3,22.0
2115.0,2,9.0,0.42857142857142855,8.464789571448977,2,25.0,0.4144761481625487,2,25.0
2120.0,5,33.0,1.434782608695652,10.511221372065119,4,28.0,0.5851271392990699,4,28.0
2125.0,5,50.0,2.0833333333333335,9.455459327167292,5,50.0,0.4845006269514857,5,50.0
2130.0,9,85.0,4.0476190476190474,7.004908391124137,9,85.0,0.29123927588947923,9,85.0
2135.0,11,95.0,4.75,4.118853328353818,11,95.0,0.15892615679456004,11,95.0
2140.0,6,61.0,2.772727272727273,7.344880195150563,6,92.0,0.4505743256215358,6,92.0
2145.0,5,37.0,1.4230769230769231,8.030160752547136,5,61.0,0.45198591789888287,5,61.0
2150.0,5,25.0,0.8620689655172413,9.20970217705465,4,62.0,0.4952332219743142,4,62.0
2155.0,8,58.0,2.0714285714285716,8.470602627500913,7,77.0,0.3900429175100324,7,77.0
2160.0,6,49.0,1.8846153846153846,6.915198977193641,6,59.0,0.2726673979949813,6,59.0
2165.0,3,9.0,0.3333333333333333,7.9168070616436115,3,34.0,0.33511813222403375,3,34.0
2170.0,4,11.0,0.4230769230769231,8.582022627244625,4,36.0,0.5008819922656854,4,36.0
2175.0,6,33.0,1.2692307692307692,8.781869388662395,6,58.0,0.40549105137042424,6,58.0
2180.0,8,48.0,2.0869565217391304,7.5924274988389655,8,59.0,0.2701661138452695,8,59.0
2185.0,2,10.0,0.37037037037037035,10.212939493613082,2,44.0,0.4918952922666004,2,44.0
2190.0,7,29.0,1.3181818181818181,8.166695929983625,7,53.0,0.38996390351840143,7,53.0
2195.0,10,74.0,2.642857142857143,8.00174967767317,10,98.0,0.35770119014902574,10,98.0
2200.0,11,110.0,4.4,6.535071664714071,11,121.0,0.3871659123119507,11,121.0
2205.0,6,108.0,4.32,6.519470193255536,6,136.0,0.333380964054873,6,136.0
2210.0,11,155.0,5.535714285714286,6.900083737794067,11,169.0,0.2429933011463177,11,169.0
2215.0,14,221.0,7.892857142857143,5.821534321645392,14,235.0,0.2205529543424662,14,235.0
2220.0,16,283.0,10.884615384615385,3.3668149214432717,16,289.0,0.17376805993564168,16,289.0
2225.0,16,339.0,11.3,5.076702743241749,16,351.0,0.24620084258187475,16,351.0
2230.0,11,233.0,7.28125,5.444742524913352,11,245.0,0.3541161705622135,11,245.0
2235.0,8,33.0,0.9705882352941176,6.041799951186268,6,182.0,0.28235320219590404,6,182.0
2240.0,11,70.0,2.0588235294117645,7.941855365221508,8,91.0,0.3400214583975767,8,91.0
2245.0,7,60.0,1.5789473684210527,7.98118541964659,7,104.0,0.3130107044039489,7,104.0
2250.0,5,21.0,0.6363636363636364,8.076088220512501,5,86.0,0.3457945598295948,5,86.0
2255.0,9,62.0,2.066666666666667,8.59079003910087,7,82.0,0.32602908479612885,7,82.0
2260.0,6,60.0,1.935483870967742,8.947990632817724,6,74.0,0.4223488242626735,6,74.0
2265.0,4,18.0,0.6428571428571429,10.016013659198913,3,58.0,0.5484844057851113,3,58.0
2270.0,6,27.0,1.0,8.540569633273023,6,68.0,0.3852253037012756,6,68.0
2275.0,8,43.0,1.4333333333333333,9.301593405421073,8,94.0,0.4200958020977594,8,94.0
2280.0,6,38.0,1.52,6.997904496733911,6,64.0,0.3440381283267068,6,64.0
2285.0,6,18.0,0.6666666666666666,7.594007100507365,5,41.0,0.3395551810174703,5,41.0
2290.0,3,16.0,0.64,7.694397061762188,3,42.0,0.4326765519318645,3,42.0
2295.0,4,11.0,0.4230769230769231,7.829766259971404,4,44.0,0.3671054749446495,4,44.0
2300.0,5,26.0,1.04,8.530409133833034,5,41.0,0.47193629171237805,5,41.0
2305.0,1,6.0,0.2222222222222222,10.57077463882771,1,35.0,0.5480827280188598,1,35.0
2310.0,2,5.0,0.22727272727272727,9.622369086295969,2,21.0,0.500698695928484,2,21.0
2315.0,6,19.0,0.7307692307692307,9.093990583333104,6,35.0,0.3221965938447435,6,35.0
2320.0,4,25.0,1.0,9.364716425557868,4,32.0,0.6226742743575481,4,32.0
2325.0,3,13.0,0.52,9.169962714393272,2,29.0,0.6008340927775124,2,29.0
2330.0,5,32.0,1.28,8.83952645855623,3,26.0,0.46185419048336085,3,26.0
2335.0,9,68.0,2.72,8.346448277788538,7,52.0,0.3220387490542895,7,52.0
2340.0,4,42.0,2.0,7.308369764627896,4,42.0,0.3127039479446633,4,42.0
2345.0,2,7.0,0.25925925925925924,10.125774650927598,2,14.0,0.5048223134910595,2,14.0
2350.0,2,6.0,0.2608695652173913,10.897901163849872,2,13.0,0.7224198798264573,2,13.0
2355.0,2,12.0,0.5,10.633500138725111,2,19.0,0.48770313124942144,2,19.0
2360.0,6,37.0,1.7619047619047619,9.906167085440297,6,44.0,0.38277108702374923,6,44.0
2365.0,4,40.0,1.6666666666666667,9.570682268836856,4,40.0,0.4776056355887637,4,40.0
2370.0,1,2.0,0.09523809523809523,10.186053663965067,1,24.0,0.6332289691379264,1,24.0
2375.0,5,19.0,0.8636363636363636,9.909176756890814,5,30.0,0.5223787327961553,5,30.0
2380.0,8,51.0,2.217391304347826,7.546019355950048,8,62.0,0.3188546313807217,8,62.0
2385.0,9,77.0,3.6666666666666665,5.400514083748363,9,77.0,0.29080873033169014,9,77.0
2390.0,9,98.0,4.260869565217392,6.087864213061181,9,108.0,0.2744937441339713,9,108.0
2395.0,6,65.0,2.5,6.932604214168122,6,75.0,0.42074578694715614,6,75.0
2400.0,4,20.0,0.7692307692307693,8.576750874741006,4,61.0,0.4510714188475061,4,61.0
2405.0,4,24.0,0.8571428571428571,7.970066184943462,4,51.0,0.32189602031338144,4,51.0
2410.0,4,9.0,0.3103448275862069,9.17003890508442,4,50.0,0.4526045781462228,4,50.0
2415.0,4,27.0,1.08,8.588320012078803,4,69.0,0.3746419126730892,4,69.0
2420.0,10,66.0,2.5384615384615383,6.99258304173532,10,108.0,0.26199443092670877,10,108.0
2425.0,8,64.0,2.3703703703703702,7.193660982617225,8,81.0,0.43057259993775404,8,81.0
2430.0,6,45.0,1.875,7.157743809253909,5,93.0,0.3805903947547536,5,93.0
2435.0,6,53.0,1.7666666666666666,7.479087610882062,6,92.0,0.23280778713375758,6,92.0
2440.0,7,24.0,0.8275862068965517,8.7379159149443,7,106.0,0.38998545454096667,7,106.0
2445.0,6,49.0,1.75,9.106799117975132,6,103.0,0.442281449636572,6,103.0
2450.0,11,89.0,3.2962962962962963,7.412288906594417,11,127.0,0.30053586498949475,11,127.0
2455.0,7,83.0,3.074074074074074,6.9391886591363745,7,100.0,0.38722201872821566,7,100.0
2460.0,5,17.0,0.7083333333333334,6.847396937867431,4,78.0,0.3364791278338952,4,78.0
2465.0,6,43.0,1.5357142857142858,8.895369545255734,3,40.0,0.4155350524435306,3,40.0
2470.0,9,81.0,2.793103448275862,9.64633410215833,6,50.0,0.5791844750856318,6,50.0
2475.0,3,27.0,1.08,7.458565524546047,3,52.0,0.45405440817305176,3,52.0
2480.0,7,24.0,0.8888888888888888,7.223139229514599,6,42.0,0.3129784372541203,6,42.0
2485.0,5,29.0,1.0740740740740742,7.349024699013755,5,51.0,0.4183257411184732,5,51.0
2490.0,6,52.0,2.08,8.676500409709782,6,75.0,0.41109035021250023,6,75.0
2495.0,8,89.0,2.870967741935484,9.345927054838498,6,104.0,0.36552938320040607,6,104.0
2500.0,11,138.0,4.928571428571429,7.90199305351011,8,140.0,0.45538598464324,8,140.0
2505.0,12,195.0,7.5,6.566768883574685,9,182.0,0.39882046724305764,9,182.0
2510.0,12,240.0,10.0,5.434302689429203,10,231.0,0.24224585693644732,10,231.0
2515.0,14,269.0,9.962962962962964,6.147894609696347,14,291.0,0.253385209001811,14,291.0
2520.0,11,242.0,8.642857142857142,6.1152201367224475,11,242.0,0.2834496668274,11,242.0
2525.0,3,11.0,0.3793103448275862,6.514232082998571,3,196.0,0.3048369947694167,3,196.0
2530.0,7,33.0,1.1785714285714286,6.7105589046250875,7,219.0,0.321245254887521,7,219.0
2535.0,13,81.0,2.793103448275862,5.464522299053925,13,267.0,0.2234306530255021,13,267.0
2540.0,19,168.0,6.222222222222222,3.440683974642159,19,354.0,0.160123265043461,19,354.0
2545.0,19,234.0,7.3125,4.5562169292920665,19,354.0,0.19546884662884467,19,354.0
2550.0,11,159.0,4.818181818181818,5.712970641563485,11,331.0,0.2926408171732709,11,331.0
2555.0,10,97.0,2.6216216216216215,5.366185497748895,10,283.0,0.27675983756433636,10,283.0
2560.0,13,53.0,1.394736842105263,5.8416417865024695,12,285.0,0.25599355565895,12,285.0
2565.0,14,93.0,2.657142857142857,4.091763445140793,14,268.0,0.12542078573369358,14,268.0
2570.0,11,60.0,1.5,6.274181875956433,11,233.0,0.19915381492097892,11,233.0
2575.0,6,34.0,0.9444444444444444,6.210115782044346,6,181.0,0.32907264171667205,6,181.0
2580.0,7,26.0,0.7222222222222222,6.300656708763058,7,181.0,0.11980185884587093,7,181.0
2585.0,10,58.0,1.5675675675675675,7.191520066183287,10,165.0,0.2505539583244058,10,165.0
2590.0,7,27.0,0.75,8.397170585270864,7,154.0,0.39548265193135995,7,154.0
2595.0,7,38.0,1.0555555555555556,7.98940211451138,7,138.0,0.36981797456336307,7,138.0
2600.0,8,38.0,1.1176470588235294,7.05127975834324,8,162.0,0.26392628686167485,8,162.0
2605.0,10,66.0,2.0,5.7906984329651605,10,159.0,0.23138591768941627,10,159.0
2610.0,5,30.0,1.0,5.479545970584754,5,114.0,0.16971122679810138,5,114.0
2615.0,9,54.0,1.7419354838709677,7.591058420043106,7,113.0,0.2471704777203105,7,113.0
2620.0,6,54.0,1.6363636363636365,8.724178287709222,6,109.0,0.4745174915912571,6,109.0
2625.0,4,12.0,0.4,8.319388504535025,3,105.0,0.4172799775142258,3,105.0
2630.0,7,30.0,1.0344827586206897,7.607028290522452,7,110.0,0.277625355355754,7,110.0
2635.0,6,29.0,0.9354838709677419,8.202845933569478,6,127.0,0.32131655450973606,6,127.0
2640.0,7,37.0,1.3214285714285714,7.154656912359416,7,116.0,0.2818156287864966,7,116.0
2645.0,5,20.0,0.625,8.426813731457363,5,96.0,0.341427410501999,5,96.0
2650.0,9,44.0,1.5714285714285714,8.090585601921793,9,109.0,0.42276683333545956,9,109.0
2655.0,8,56.0,2.0,6.02729924775591,8,97.0,0.26168059441166425,8,97.0
2660.0,10,36.0,1.3333333333333333,5.556119128304339,9,116.0,0.2160842775180675,9,116.0
2665.0,6,28.0,0.9655172413793104,6.951707049396136,6,113.0,0.36206292377649,6,113.0
2670.0,5,21.0,0.7,7.829310512474355,4,120.0,0.36557317465084244,4,120.0
2675.0,8,57.0,1.8387096774193548,8.384342513414298,7,130.0,0.3398583809415346,7,130.0
2680.0,8,76.0,2.375,8.19996571179214,8,132.0,0.4419986104333677,8,132.0
2685.0,5,38.0,1.3103448275862069,8.00034133390783,4,129.0,0.39716955467740545,4,129.0
2690.0,8,36.0,1.3846153846153846,6.309182279157815,7,99.0,0.24251496893585847,7,99.0
2695.0,10,82.0,2.8275862068965516,8.246505119552298,8,101.0,0.42727707800127257,8,101.0
2700.0,8,88.0,3.259259259259259,7.488051134352996,7,93.0,0.3661225114910105,7,93.0
2705.0,7,48.0,1.6,7.917033508362197,7,59.0,0.39222311369438695,7,59.0
2710.0,5,22.0,0.7857142857142857,9.034786081432852,5,63.0,0.491750041904279,5,63.0
2715.0,7,51.0,1.8214285714285714,7.663492131200072,7,92.0,0.29785507787197507,7,92.0
2720.0,13,108.0,3.7241379310344827,7.081491111391708,13,149.0,0.23916008074167971,13,149.0
2725.0,14,136.0,4.689655172413793,6.074808230287511,14,166.0,0.25952214907867216,14,166.0
2730.0,9,102.0,3.923076923076923,5.766959851811635,9,178.0,0.2901667575501263,9,178.0
2735.0,8,78.0,2.6,5.809290862644882,8,138.0,0.19132776999942297,8,138.0
2740.0,9,37.0,1.2333333333333334,7.073840384762382,8,148.0,0.28445575740292295,8,148.0
2745.0,7,49.0,1.5806451612903225,6.601694172572911,7,140.0,0.22154464525864143,7,140.0
2750.0,6,23.0,0.71875,7.949639624434151,6,125.0,0.35349744394592564,6,125.0
2755.0,10,68.0,2.125,8.903026960037403,9,137.0,0.4725818421421807,9,137.0
2760.0,6,55.0,1.896551724137931,6.365694059278464,6,105.0,0.2158872196658837,6,105.0
2765.0,6,20.0,0.6451612903225806,8.368279516493189,5,102.0,0.2317001817014338,5,102.0
2770.0,4,23.0,0.71875,9.346500363911703,4,108.0,0.47589137861009,4,108.0
2775.0,4,18.0,0.6206896551724138,8.891355613329587,4,110.0,0.4075842005653809,4,110.0
2780.0,6,33.0,1.2692307692307692,6.634750347880902,6,96.0,0.28602721070166154,6,96.0
2785.0,8,30.0,1.1111111111111112,7.146652168604949,8,101.0,0.27185320089775233,8,101.0
2790.0,3,18.0,0.72,7.2539028087871085,3,95.0,0.3702486346044993,3,95.0
2795.0,6,21.0,0.6774193548387096,7.936416205773674,5,97.0,0.2756565496660136,5,97.0
2800.0,6,33.0,1.1785714285714286,8.183792316554248,6,92.0,0.4853488158507991,6,92.0
2805.0,3,15.0,0.5357142857142857,7.77765687649549,3,62.0,0.33265191598426985,3,62.0
2810.0,6,39.0,1.3928571428571428,9.127853832671088,5,52.0,0.3656681509665438,5,52.0
2815.0,7,70.0,2.413793103448276,10.226887151518213,6,60.0,0.5017533517072678,6,60.0
2820.0,7,105.0,3.888888888888889,9.656448585166144,6,90.0,0.5033781015048561,6,90.0
2825.0,4,74.0,2.642857142857143,9.153856896092941,4,93.0,0.49971150906258927,4,93.0
2830.0,2,4.0,0.16666666666666666,9.54693478684722,1,40.0,0.5930026820162199,1,40.0
2835.0,3,18.0,0.782608695652174,9.896944548262752,1,8.0,0.5368016697211336,1,8.0
2840.0,2,5.0,0.20833333333333334,9.813803221846667,2,5.0,0.5548830059494004,2,5.0
2845.0,2,12.0,0.48,11.564987977651372,2,12.0,0.6619327470223259,2,12.0
2850.0,3,25.0,1.25,11.80088482958499,3,25.0,0.6364216697838537,3,25.0
2855.0,4,41.0,1.8636363636363635,9.879669488194644,4,41.0,0.27425122610722225,4,41.0
2860.0,6,67.0,3.526315789473684,8.804093572283934,6,67.0,0.48756287908667356,6,67.0
2865.0,5,57.0,2.85,8.477847805923968,5,57.0,0.5688271725864755,5,57.0
2870.0,3,10.0,0.45454545454545453,8.049384757120452,3,27.0,0.5002126531745209,3,27.0
2875.0,2,4.0,0.16666666666666666,8.62910381716477,2,21.0,0.6025185887044203,2,21.0
2880.0,4,13.0,0.5416666666666666,9.170889985114593,4,30.0,0.31297297490275944,4,30.0
2885.0,8,49.0,1.8148148148148149,9.297798085012388,7,61.0,0.25964692244543325,7,61.0
2890.0,9,94.0,4.086956521739131,8.282061972632226,8,101.0,0.3873193338592119,8,101.0
2895.0,7,87.0,4.35,6.280439343332762,7,95.0,0.3827810026625676,7,95.0
2900.0,4,9.0,0.45,6.79328938824716,4,74.0,0.38548309643921136,4,74.0
2905.0,7,38.0,1.4615384615384615,7.355434885629832,7,103.0,0.2930661795370991,7,103.0
2910.0,13,94.0,3.76,5.355080099080108,13,159.0,0.2461772279716451,13,159.0
2915.0,17,173.0,6.178571428571429,4.639482869963614,17,238.0,0.2108879840881198,17,238.0
2920.0,19,265.0,8.833333333333334,4.816074121121525,19,330.0,0.2831698373682076,19,330.0
2925.0,20,362.0,11.67741935483871,3.036830699607466,20,427.0,0.1584929431392391,20,427.0
2930.0,24,427.0,12.558823529411764,2.49984782751089,24,464.0,0.08778288001337575,24,464.0
2935.0,18,352.0,10.352941176470589,3.9814869774121897,18,499.0,0.21098918542373735,18,499.0
2940.0,14,176.0,5.176470588235294,2.984949743262388,14,356.0,0.09233411830417405,14,356.0
2945.0,10,41.0,0.9761904761904762,6.594777499725666,9,299.0,0.2493830415356058,9,299.0
2950.0,12,69.0,1.6829268292682926,6.980681309148598,12,272.0,0.3828119772654723,12,272.0
2955.0,10,51.0,1.2142857142857142,7.2623792530734015,10,263.0,0.2671837950635915,10,263.0
2960.0,10,55.0,1.4473684210526316,5.999349889700437,10,252.0,0.20342756096137735,10,252.0
2965.0,11,46.0,1.2105263157894737,6.435121146185866,11,243.0,0.17615724493018,11,243.0
2970.0,11,75.0,2.272727272727273,5.232328984807005,11,224.0,0.2079882200407386,11,224.0
2975.0,10,46.0,1.1794871794871795,6.689609954426722,10,221.0,0.175264979311186,10,221.0
2980.0,9,46.0,1.2777777777777777,6.442514923959024,9,230.0,0.2840265978252583,9,230.0
2985.0,9,46.0,1.3142857142857143,7.046031722187823,9,230.0,0.3073069484155322,9,230.0
2990.0,10,74.0,2.176470588235294,6.163848262151409,10,230.0,0.19197139736932373,10,230.0
2995.0,8,39.0,1.054054054054054,7.562832570516565,8,209.0,0.2696127714698961,8,209.0
3000.0,6,21.0,0.6363636363636364,6.364825637559395,6,215.0,0.2804708981252932,6,215.0
3005.0,7,28.0,0.8,6.617449836375304,7,233.0,0.24672660061839405,7,233.0
3010.0,13,66.0,2.0625,4.866334948182642,13,218.0,0.1875216908404367,13,218.0
3015.0,10,41.0,1.3225806451612903,4.858611523193625,9,207.0,0.1773078248547187,9,207.0
3020.0,11,70.0,2.1875,7.128695835913293,9,147.0,0.34366644179473094,9,147.0
3025.0,7,54.0,1.5,7.828222371015588,7,141.0,0.42023331872857417,7,141.0
3030.0,6,24.0,0.7058823529411765,7.719641851298096,6,148.0,0.28622287305171074,6,148.0
3035.0,6,33.0,0.9428571428571428,7.853700122600291,6,113.0,0.2885472582814312,6,113.0
3040.0,7,24.0,0.7058823529411765,8.544509310889113,7,95.0,0.40930082272858137,7,95.0
3045.0,6,41.0,1.28125,8.296604368841756,6,100.0,0.35879232587157167,6,100.0
3050.0,7,48.0,1.5483870967741935,6.917350612260125,7,93.0,0.33492593238665813,7,93.0
3055.0,7,22.0,0.7096774193548387,7.306285132465172,6,82.0,0.27746335080727813,6,82.0
3060.0,6,28.0,1.12,5.860476818272041,6,111.0,0.16669385079372506,6,111.0
3065.0,7,25.0,0.8064516129032258,7.896855624596329,7,99.0,0.2787668594093298,7,99.0
3070.0,5,30.0,1.0344827586206897,8.334423040377313,5,102.0,0.4968951197608123,5,102.0
3075.0,4,15.0,0.5172413793103449,7.893531113319065,4,86.0,0.4012154804455167,4,86.0
3080.0,6,33.0,1.2222222222222223,7.1467118335441455,6,91.0,0.31549177575896875,6,91.0
3085.0,4,15.0,0.4838709677419355,9.19276260956397,4,92.0,0.32259991740217064,4,92.0
3090.0,6,30.0,1.1111111111111112,8.112797094553335,6,99.0,0.3738353030188423,6,99.0
3095.0,6,22.0,0.7096774193548387,8.894248616964262,6,95.0,0.3936051215180726,6,95.0
3100.0,8,41.0,1.5185185185185186,7.029968385547505,8,99.0,0.3613238841027199,8,99.0
3105.0,6,29.0,1.0740740740740742,6.962593200893315,6,110.0,0.312051954614394,6,110.0
3110.0,10,57.0,2.111111111111111,7.494325199294708,9,92.0,0.2867020884235687,9,92.0
3115.0,5,42.0,1.4482758620689655,7.718109507547539,5,90.0,0.4140423873902902,5,90.0
3120.0,6,20.0,0.7407407407407407,8.163323599917145,5,78.0,0.37272055711864843,5,78.0
3125.0,7,52.0,1.793103448275862,9.451455832253975,6,66.0,0.4029294164812069,6,66.0
3130.0,7,54.0,1.8620689655172413,8.230401980151516,7,66.0,0.3815629684554272,7,66.0
3135.0,3,15.0,0.5769230769230769,8.206147879384336,3,63.0,0.37480397597186454,3,63.0
3140.0,3,15.0,0.625,7.375414392213859,3,67.0,0.35303903670003023,3,67.0
3145.0,6,19.0,0.7037037037037037,9.347149208280658,6,76.0,0.4430516653152899,6,76.0
3150.0,6,32.0,1.3333333333333333,7.961916367737306,6,70.0,0.44130765813271505,6,70.0
3155.0,5,23.0,0.7931034482758621,7.483951289287194,5,74.0,0.2814233604913547,5,74.0
3160.0,4,27.0,1.08,7.4466604416203745,4,73.0,0.4263278314255305,4,73.0
3165.0,5,18.0,0.6923076923076923,8.295065095120915,4,78.0,0.38024205851756765,4,78.0
3170.0,7,35.0,1.2962962962962963,7.621388361620548,7,79.0,0.31424644963249265,7,79.0
3175.0,6,25.0,0.8928571428571429,8.81071960354393,6,86.0,0.40770000084819746,6,86.0
3180.0,5,48.0,2.0869565217391304,7.7470665906235565,5,74.0,0.3200807152215236,5,74.0
3185.0,4,31.0,1.1071428571428572,8.112537795501803,4,40.0,0.3685439074028883,4,40.0
3190.0,6,19.0,0.76,8.085753324316142,5,36.0,0.4285168412638397,5,36.0
3195.0,5,27.0,1.08,7.364225368659026,5,42.0,0.3548957370335599,5,42.0
3200.0,6,23.0,0.8214285714285714,8.607215827729,6,53.0,0.4609345949480618,6,53.0
3205.0,8,59.0,2.0344827586206895,9.12129493695833,7,67.0,0.4572101154837238,7,67.0
3210.0,3,33.0,1.32,7.731423026077269,3,35.0,0.38983997294829487,3,35.0
3215.0,2,7.0,0.25,9.727696251420527,1,28.0,0.44383703696571075,1,28.0
3220.0,4,8.0,0.2857142857142857,10.198558058513436,4,31.0,0.5488228812488095,4,31.0
3225.0,3,18.0,0.6666666666666666,10.487750912138324,3,43.0,0.5733841565824146,3,43.0
3230.0,8,45.0,1.875,8.767534803378197,8,68.0,0.36908308187819916,8,68.0
3235.0,4,43.0,1.8695652173913044,7.345449987537438,4,52.0,0.4173717270458466,4,52.0
3240.0,3,13.0,0.65,8.692940363919153,3,47.0,0.338466273102228,3,47.0
3245.0,4,29.0,1.0740740740740742,10.704252824614073,4,29.0,0.4337414110377004,4,29.0
3250.0,5,53.0,2.0384615384615383,11.290660803665665,5,53.0,0.6140519554752986,5,53.0
3255.0,3,39.0,1.8571428571428572,7.792488142806388,3,39.0,0.4000268792685796,3,39.0
3260.0,4,10.0,0.5,7.263332269607321,4,26.0,0.33953883765362963,4,26.0
3265.0,2,3.0,0.13043478260869565,7.945262331336007,2,19.0,0.48967260447571015,2,19.0
3270.0,6,24.0,0.96,9.658990297221212,4,38.0,0.6125389370957474,4,38.0
3275.0,7,55.0,2.037037037037037,9.26159494219647,5,59.0,0.5008199934317337,5,59.0
3280.0,13,107.0,3.962962962962963,6.587028552763253,10,97.0,0.3126051770962633,10,97.0
3285.0,8,81.0,3.375,5.526005096490188,8,84.0,0.2752302474070019,8,84.0
3290.0,5,11.0,0.4583333333333333,6.5894995607047235,4,64.0,0.28897384153571554,4,64.0
3295.0,7,45.0,1.6071428571428572,10.207692190306568,5,35.0,0.5295398420968827,5,35.0
3300.0,2,11.0,0.44,9.676369294251902,2,11.0,0.5959190196495141,2,11.0
3305.0,2,8.0,0.2857142857142857,10.480438048861226,1,6.0,0.5492017170407631,1,6.0
3310.0,5,28.0,1.1666666666666667,11.002671839152955,4,21.0,0.6592109161736952,4,21.0
3315.0,5,53.0,2.2083333333333335,9.543002630801851,4,41.0,0.534515694095263,4,41.0
3320.0,7,70.0,2.9166666666666665,8.46698385434961,7,70.0,0.4359424739313732,7,70.0
3325.0,4,53.0,2.3043478260869565,8.062375570770188,4,53.0,0.5148487418838936,4,53.0
3330.0,1,1.0,0.047619047619047616,7.995578864292979,1,30.0,0.4640094357824308,1,30.0
3335.0,4,9.0,0.391304347826087,8.315528252723556,4,38.0,0.2820876802569487,4,38.0
3340.0,6,32.0,1.391304347826087,9.289287627418926,6,61.0,0.43822963438593854,6,61.0
3345.0,4,37.0,1.608695652173913,9.162909359338071,4,49.0,0.5153722604793499,4,49.0
3350.0,4,8.0,0.36363636363636365,9.073617921904013,4,28.0,0.5059243798857148,4,28.0
3355.0,1,1.0,0.04,8.340303071087332,1,21.0,0.5060715671509651,1,21.0
3360.0,6,19.0,0.7916666666666666,8.629566380351918,5,37.0,0.4423535676738929,5,37.0
3365.0,6,33.0,1.2222222222222223,8.368119646139624,6,43.0,0.34420694486594355,6,43.0
3370.0,3,15.0,0.5555555555555556,9.37509980897567,2,26.0,0.57722892872568,2,26.0
3375.0,3,25.0,1.0416666666666667,8.249583780386764,3,37.0,0.449196434606125,3,37.0
3380.0,3,13.0,0.52,9.051790057577495,3,37.0,0.35854879112692223,3,37.0
3385.0,6,23.0,0.92,8.773980342107293,6,40.0,0.4453888534902969,6,40.0
3390.0,3,18.0,0.8181818181818182,9.082792639812059,3,42.0,0.44817400273569713,3,42.0
3395.0,5,28.0,1.12,8.099299930818217,5,41.0,0.36927919142155013,5,41.0
3400.0,6,28.0,1.0769230769230769,8.870797269768467,5,53.0,0.5819514717222438,5,53.0
3405.0,6,34.0,1.4166666666666667,6.7389343426750346,6,56.0,0.39778393411211405,6,56.0
3410.0,5,20.0,0.8,7.591625190109671,5,62.0,0.23034506172180214,5,62.0
3415.0,5,23.0,0.8846153846153846,7.547061626046992,5,55.0,0.3900014102625449,5,55.0
3420.0,5,24.0,0.96,9.2413767421665,5,62.0,0.4363599210378373,5,62.0
3425.0,5,27.0,0.9310344827586207,9.66293371954026,5,48.0,0.4612638598993244,5,48.0
3430.0,4,12.0,0.46153846153846156,9.300478375065707,4,45.0,0.45474452853619673,4,45.0
3435.0,4,32.0,1.3333333333333333,9.578096678569201,4,41.0,0.4610489880969205,4,41.0
3440.0,5,29.0,1.2608695652173914,7.499256419897369,5,33.0,0.3911517743601047,5,33.0
3445.0,5,23.0,0.92,8.993047089026598,3,38.0,0.4511048499103603,3,38.0
3450.0,4,25.0,1.0416666666666667,8.772230858383635,4,40.0,0.47469543791235963,4,40.0
3455.0,5,23.0,0.8214285714285714,9.353090113222683,5,39.0,0.4257385166329829,5,39.0
3460.0,5,29.0,1.2608695652173914,7.648221554724535,5,36.0,0.38456921787005993,5,36.0
3465.0,5,19.0,0.8260869565217391,9.016114194352788,4,38.0,0.4430588256381038,4,38.0
3470.0,5,20.0,0.7407407407407407,9.495068342299092,5,30.0,0.45752288593685475,5,30.0
3475.0,4,22.0,0.8461538461538461,10.438373749164068,4,40.0,0.6013803130536715,4,40.0
3480.0,3,22.0,0.9565217391304348,8.652718231614028,3,30.0,0.398384944649939,3,30.0
3485.0,7,23.0,0.9583333333333334,7.5344034566702796,5,38.0,0.30381883326483006,5,38.0
3490.0,5,32.0,1.4545454545454546,7.933272268890182,5,41.0,0.47833035065789,5,41.0
3495.0,4,18.0,0.72,9.052776854460841,4,43.0,0.4624574432200349,4,43.0
3500.0,5,27.0,1.125,7.697800556990122,5,43.0,0.40700618402407035,5,43.0
3505.0,5,28.0,1.12,8.441263077833712,5,58.0,0.36934112328554003,5,58.0
3510.0,4,29.0,1.380952380952381,6.637515459799803,4,50.0,0.34808157526858424,4,50.0
3515.0,5,22.0,0.8148148148148148,7.917511088950058,5,53.0,0.31305250697381276,5,53.0
3520.0,3,25.0,0.9615384615384616,8.977875374474644,3,37.0,0.5387803090041955,3,37.0
3525.0,4,9.0,0.3333333333333333,10.221839348038777,3,32.0,0.5958542642932497,3,32.0
3530.0,4,18.0,0.72,8.159110541384244,4,36.0,0.3668902563033731,4,36.0
3535.0,4,17.0,0.6296296296296297,9.564119222242326,4,45.0,0.43785692840514057,4,45.0
3540.0,5,28.0,1.2173913043478262,9.23262663836409,5,40.0,0.37847293559498824,5,40.0
3545.0,3,12.0,0.46153846153846156,9.271141041188079,3,37.0,0.4064515747293719,3,37.0
3550.0,3,17.0,0.7391304347826086,8.846611752722223,3,39.0,0.5625191096563006,3,39.0
3555.0,5,17.0,0.7391304347826086,7.230261882518043,4,39.0,0.38003613217529875,4,39.0
3560.0,10,58.0,2.4166666666666665,8.005311949002923,8,71.0,0.2936380390055315,8,71.0
3565.0,10,108.0,4.32,7.744787919640985,8,111.0,0.33853706522963084,8,111.0
3570.0,10,147.0,6.125,6.443974518911054,9,156.0,0.3006771733027928,9,156.0
3575.0,13,211.0,8.115384615384615,6.5093218057232765,12,215.0,0.25031482743135275,12,215.0
3580.0,14,278.0,9.928571428571429,6.938104530358991,13,277.0,0.36299170634959393,13,277.0
3585.0,13,319.0,11.392857142857142,5.300075056884417,13,342.0,0.24767565107630302,13,342.0
3590.0,18,403.0,13.89655172413793,4.460666584594603,18,426.0,0.1671520914242094,18,426.0
3595.0,21,500.0,16.129032258064516,3.733584996432898,19,520.0,0.16350048160448713,19,520.0
3600.0,15,366.0,12.2,3.5026594277358662,15,380.0,0.19235827567840402,15,380.0
3605.0,7,90.0,2.5714285714285716,7.354442775469071,5,292.0,0.34051682305903574,5,292.0
3610.0,7,25.0,0.7142857142857143,9.220367355987072,4,146.0,0.4377398840505509,4,146.0
3615.0,3,13.0,0.3939393939393939,8.251353416354405,3,158.0,0.34894997043585485,3,158.0
3620.0,7,20.0,0.6451612903225806,7.822037523724134,7,165.0,0.32543546052804095,7,165.0
3625.0,10,63.0,2.1,8.095540439273085,10,200.0,0.33130982778568707,10,200.0
3630.0,9,54.0,1.8620689655172413,6.667023602510732,9,152.0,0.36955000442093466,9,152.0
3635.0,6,31.0,0.9393939393939394,8.632850700934256,5,103.0,0.40268645921082763,5,103.0
3640.0,8,41.0,1.4137931034482758,8.257886375513124,6,74.0,0.4420403158010635,6,74.0
3645.0,4,25.0,0.78125,7.847400728825344,4,68.0,0.377844569521536,4,68.0
3650.0,8,26.0,0.896551724137931,7.277061373779167,8,69.0,0.3204079639016423,8,69.0
3655.0,6,35.0,1.206896551724138,7.034713120616552,6,94.0,0.33050437781508585,6,94.0
3660.0,5,20.0,0.7407407407407407,7.619275919858298,5,68.0,0.2099224136792328,5,68.0
3665.0,3,19.0,0.6785714285714286,8.426493924855128,3,68.0,0.3705484839511896,3,68.0
3670.0,4,16.0,0.5333333333333333,10.62456884329453,4,65.0,0.5505718551892846,4,65.0
3675.0,7,32.0,1.2307692307692308,8.76828518135942,7,64.0,0.4557365382696088,7,64.0
3680.0,4,20.0,0.7692307692307693,8.033609000346402,4,67.0,0.32581914139392804,4,67.0
3685.0,8,45.0,1.8,8.013598385132864,8,58.0,0.30380568963185944,8,58.0
3690.0,5,38.0,1.52,7.487687503167033,5,51.0,0.35428374295338855,5,51.0
3695.0,5,18.0,0.6666666666666666,8.230008245794885,5,38.0,0.4249315105258268,5,38.0
3700.0,8,58.0,2.230769230769231,8.765826744945324,6,61.0,0.4832537196355851,6,61.0
3705.0,9,103.0,3.814814814814815,7.984904274331377,7,96.0,0.3354570372007464,7,96.0
3710.0,13,145.0,5.576923076923077,6.3046037098164325,12,143.0,0.22671021265094543,12,143.0
3715.0,7,100.0,3.8461538461538463,5.973102464112085,7,106.0,0.3267384445153381,7,106.0
3720.0,5,13.0,0.48148148148148145,7.737694745406036,3,73.0,0.4921490283124517,3,73.0
3725.0,1,1.0,0.03333333333333333,9.361244427204095,1,68.0,0.5480097225781224,1,68.0
3730.0,3,12.0,0.41379310344827586,9.555724656786834,3,79.0,0.462124501733296,3,79.0
3735.0,7,40.0,1.6,8.00573061702142,6,105.0,0.1960440720451548,6,105.0
3740.0,6,57.0,2.28,7.9109682054015,6,100.0,0.24530515928499785,6,100.0
3745.0,2,12.0,0.46153846153846156,10.721076681506844,2,58.0,0.5248775514956998,2,58.0
3750.0,0,0.0,0.0,10.454572158533614,0,59.0,0.5817046544719129,0,59.0
3755.0,4,13.0,0.48148148148148145,9.104949466510378,4,72.0,0.4326858698085555,4,72.0
3760.0,10,50.0,2.0833333333333335,8.092511981263623,10,110.0,0.42347187532836883,10,110.0
3765.0,6,50.0,2.0833333333333335,6.391229537827485,6,91.0,0.3162479943320862,6,91.0
3770.0,5,15.0,0.5555555555555556,7.902353680475215,3,80.0,0.4107163349584315,3,80.0
3775.0,2,4.0,0.15384615384615385,8.86616257548235,2,81.0,0.48717941915578483,2,81.0
3780.0,5,19.0,0.8260869565217391,7.90989864703958,4,95.0,0.16546854948362877,4,95.0
3785.0,6,36.0,1.44,8.18765367247998,6,90.0,0.3299077499158129,6,90.0
3790.0,3,17.0,0.7083333333333334,9.979971225116218,3,84.0,0.527197037561641,3,84.0
3795.0,1,2.0,0.08695652173913043,8.573033892636987,1,82.0,0.43540686849669574,1,82.0
3800.0,7,26.0,1.0833333333333333,7.26930494502725,7,106.0,0.3278140745349688,7,106.0
3805.0,7,33.0,1.2692307692307692,6.162857836077157,7,91.0,0.354900948059766,7,91.0
3810.0,7,29.0,1.1153846153846154,7.717765502836972,6,75.0,0.413350539856754,6,75.0
3815.0,5,38.0,1.3571428571428572,8.931324931184788,3,59.0,0.43798028554036933,3,59.0
3820.0,4,22.0,0.7333333333333333,8.708299962801421,4,68.0,0.4810193749735861,4,68.0
3825.0,5,18.0,0.6666666666666666,7.63724111928254,4,50.0,0.4165789927631255,4,50.0
3830.0,6,34.0,1.3076923076923077,7.688430513317046,6,54.0,0.3545578761658151,6,54.0
3835.0,3,14.0,0.5185185185185185,9.233906977428392,3,59.0,0.44771792793243076,3,59.0
3840.0,6,23.0,0.92,7.656982475619672,6,66.0,0.26251360330284335,6,66.0
3845.0,7,31.0,1.1071428571428572,8.176860639048089,7,80.0,0.32016869076306165,7,80.0
3850.0,8,44.0,1.76,7.77155056964591,8,78.0,0.5012231265760267,8,78.0
3855.0,4,24.0,0.9230769230769231,7.540673178323137,3,78.0,0.39472481696280204,3,78.0
3860.0,5,22.0,0.88,7.235336060086253,5,89.0,0.2903368254996756,5,89.0
3865.0,3,14.0,0.5,8.326012490999528,3,73.0,0.41204155771662354,3,73.0
3870.0,7,31.0,1.1071428571428572,8.661120130931595,7,73.0,0.3984949071680425,7,73.0
3875.0,3,19.0,0.6333333333333333,9.068364667781653,3,54.0,0.42966953125022656,3,54.0
3880.0,7,42.0,1.5555555555555556,8.751531441548435,5,53.0,0.4594220979775908,5,53.0
3885.0,6,42.0,1.6153846153846154,6.7073302435833915,6,57.0,0.3092487546648057,6,57.0
3890.0,7,25.0,1.0416666666666667,5.758291840261428,6,63.0,0.23379618245345407,6,63.0
3895.0,8,58.0,2.0714285714285716,8.300499189872399,8,69.0,0.3832527234835,8,69.0
3900.0,5,33.0,1.2222222222222223,7.8270319760754585,5,39.0,0.42135853557827657,5,39.0
3905.0,4,15.0,0.5,9.245210375773116,3,27.0,0.49094343737544716,3,27.0
3910.0,4,12.0,0.4444444444444444,9.021342972150514,4,25.0,0.5339380696512206,4,25.0
3915.0,3,12.0,0.4444444444444444,9.011523319476273,3,28.0,0.4387424347338608,3,28.0
3920.0,9,48.0,1.7777777777777777,8.712198530159004,7,51.0,0.3831092949278411,7,51.0
3925.0,4,34.0,1.2592592592592593,8.833267148914173,4,38.0,0.5571033098150068,4,38.0
3930.0,2,7.0,0.3181818181818182,8.543168024641748,1,32.0,0.4051178331797896,1,32.0
3935.0,2,5.0,0.19230769230769232,9.050237921017855,2,34.0,0.3528306002579795,2,34.0
3940.0,5,16.0,0.64,10.277462110574117,5,42.0,0.5490437856481589,5,42.0
3945.0,4,26.0,1.04,9.346553210022014,4,39.0,0.4959262268825619,4,39.0
3950.0,2,10.0,0.43478260869565216,9.610271679151934,1,30.0,0.5243847208039562,1,30.0
3955.0,3,15.0,0.6521739130434783,8.657458256136005,3,28.0,0.475564668655657,3,28.0
3960.0,8,46.0,2.1904761904761907,7.296090175824258,8,57.0,0.25785902021726226,8,57.0
3965.0,8,58.0,2.4166666666666665,6.468074352842848,8,69.0,0.20251372909293236,8,69.0
3970.0,6,65.0,2.6,8.973455717046118,6,85.0,0.5464363037836987,6,85.0
3975.0,7,96.0,4.0,8.716852204734808,7,107.0,0.4341878418073353,7,107.0
3980.0,6,84.0,3.36,6.9720585185764925,6,87.0,0.30900527139690737,6,87.0
3985.0,5,12.0,0.42857142857142855,9.172592696102772,3,79.0,0.4416644796451011,3,79.0
3990.0,4,30.0,1.25,10.613560817006912,2,25.0,0.6428546716420788,2,25.0
3995.0,3,4.0,0.12903225806451613,9.949801584691274,3,11.0,0.5212023502523825,3,11.0
4000.0,6,23.0,0.8518518518518519,9.872977619129493,4,27.0,0.6256792265102903,4,27.0
4005.0,3,20.0,0.8695652173913043,8.828602482637281,3,22.0,0.4259201465784991,3,22.0
4010.0,4,18.0,0.75,9.35692270933059,4,27.0,0.2857751479445164,4,27.0
4015.0,3,19.0,0.9047619047619048,8.600488181693574,3,28.0,0.44051815908201236,3,28.0
4020.0,3,15.0,0.7142857142857143,9.883277390989853,3,24.0,0.547772593196795,3,24.0
4025.0,7,41.0,1.7083333333333333,9.789067913084237,7,50.0,0.47713002431169216,7,50.0
4030.0,7,76.0,3.1666666666666665,9.528541311386512,7,85.0,0.50423147348747,7,85.0
4035.0,9,114.0,4.956521739130435,7.227360902182833,9,123.0,0.3111926406973519,9,123.0
4040.0,6,88.0,4.0,5.883883843159349,6,89.0,0.346946460769282,6,89.0
4045.0,5,11.0,0.44,7.9838886480335285,3,80.0,0.43075166960680533,3,80.0
4050.0,0,0.0,0.0,8.646132231991404,0,55.0,0.5262223066194117,0,55.0
4055.0,4,16.0,0.5714285714285714,9.21493407612555,4,64.0,0.385763529423798,4,64.0
4060.0,8,53.0,2.2083333333333335,8.913383645013225,7,96.0,0.4057841921361216,7,96.0
4065.0,7,83.0,3.4583333333333335,8.183154549122614,7,131.0,0.3805048249433755,7,131.0
4070.0,12,132.0,5.5,6.185800834317721,12,180.0,0.3045022580094616,12,180.0
4075.0,13,197.0,7.576923076923077,6.9303399374498404,13,245.0,0.36164895445996603,13,245.0
4080.0,8,145.0,5.8,4.734412550816279,8,172.0,0.3076405982667624,8,172.0
4085.0,7,35.0,1.1666666666666667,6.804820180679474,6,143.0,0.2986331154662955,6,143.0
4090.0,5,16.0,0.5333333333333333,7.079627395907004,5,162.0,0.3366521703540918,5,162.0
4095.0,7,31.0,1.0,7.451724691091635,6,168.0,0.30364548176808887,6,168.0
4100.0,9,46.0,1.5333333333333334,7.804591654769467,9,148.0,0.32158669781512056,9,148.0
4105.0,5,24.0,0.8,9.21159954709243,5,135.0,0.37722835990429476,5,135.0
4110.0,3,9.0,0.36,8.077047849173999,3,105.0,0.36511863238583153,3,105.0
4115.0,5,21.0,0.7241379310344828,8.819307717558292,5,117.0,0.3584787528697389,5,117.0
4120.0,9,59.0,2.0344827586206895,8.947855229000378,9,155.0,0.41718367058996186,9,155.0
4125.0,7,58.0,2.1481481481481484,7.289347064045402,7,127.0,0.41096346208967627,7,127.0
4130.0,5,24.0,0.9230769230769231,7.679745147840436,4,87.0,0.3991806314352256,4,87.0
4135.0,7,31.0,1.1923076923076923,8.091455980776963,5,58.0,0.36202736115127104,5,58.0
4140.0,3,12.0,0.48,7.048123709449637,3,50.0,0.24040714014187411,3,50.0
4145.0,6,22.0,0.7096774193548387,8.55187653638831,6,60.0,0.2848321911498562,6,60.0
4150.0,6,32.0,1.1851851851851851,8.862687501833372,6,55.0,0.5778416016419547,6,55.0
4155.0,1,9.0,0.34615384615384615,8.604528306241239,1,50.0,0.4443495871923381,1,50.0
4160.0,6,11.0,0.44,7.164450576883637,6,52.0,0.29380916686553454,6,52.0
4165.0,6,27.0,0.9642857142857143,8.86994417587386,6,68.0,0.36474503158832067,6,68.0
4170.0,7,32.0,1.2307692307692308,8.461827982505087,7,58.0,0.42842658122109406,7,58.0
4175.0,2,12.0,0.4444444444444444,9.15542828713969,2,41.0,0.4710536247654376,2,41.0
4180.0,0,0.0,0.0,7.975411675019217,0,35.0,0.45466802912519166,0,35.0
4185.0,3,11.0,0.4230769230769231,8.719103335432486,3,46.0,0.4638388304295963,3,46.0
4190.0,6,28.0,1.0769230769230769,8.228314370527682,6,48.0,0.43040528663427435,6,48.0
4195.0,1,9.0,0.3103448275862069,10.532447352609648,1,46.0,0.5375554587343359,1,46.0
4200.0,4,23.0,1.0,10.350614564527694,3,25.0,0.538226683169171,3,25.0
4205.0,3,10.0,0.38461538461538464,8.710582372407462,3,15.0,0.37229882903157385,3,15.0
4210.0,3,9.0,0.375,10.415797902902392,3,14.0,0.6151654783386361,3,14.0
4215.0,4,17.0,0.7727272727272727,9.492950957235985,4,17.0,0.44309663914439607,4,17.0
4220.0,3,16.0,0.6956521739130435,9.90851575468681,3,17.0,0.43035170099759334,3,17.0
4225.0,1,8.0,0.36363636363636365,9.98913584476294,1,9.0,0.7003223819396002,1,9.0
4230.0,3,10.0,0.47619047619047616,9.491578019459702,2,10.0,0.5476127849475948,2,10.0
4235.0,2,12.0,0.5454545454545454,8.956730112045086,2,12.0,0.4596767620159623,2,12.0
4240.0,3,9.0,0.391304347826087,10.709235706463495,3,13.0,0.6700736421504861,3,13.0
4245.0,3,11.0,0.4583333333333333,10.214062730514653,3,15.0,0.6281277442711691,3,15.0
4250.0,6,21.0,0.9545454545454546,8.395536867423585,6,25.0,0.4039297645887822,6,25.0
4255.0,8,57.0,2.4782608695652173,9.127860866898699,8,61.0,0.3961413917571683,8,61.0
4260.0,3,24.0,1.2,7.154822926042148,3,24.0,0.4589321266930967,3,24.0
4265.0,3,10.0,0.43478260869565216,9.035192963620872,1,10.0,0.5731237985716602,1,10.0
4270.0,1,3.0,0.125,9.826829767528226,1,5.0,0.6617419283655198,1,5.0
4275.0,2,9.0,0.36,10.213732009787481,2,11.0,0.6613527617290358,2,11.0
4280.0,7,34.0,1.5454545454545454,8.80959388528392,5,27.0,0.38115493597794003,5,27.0
4285.0,3,22.0,0.9565217391304348,8.808115264863192,3,22.0,0.5252416139798005,3,22.0
4290.0,1,5.0,0.25,10.418107006468107,1,16.0,0.5352766649205014,1,16.0
4295.0,2,5.0,0.20833333333333334,10.547713658504769,2,16.0,0.5463210483399654,2,16.0
4300.0,4,23.0,0.92,11.37095629650018,4,34.0,0.6801701009077871,4,34.0
4305.0,2,21.0,1.05,9.585261228347722,2,25.0,0.6512694255586184,2,25.0
4310.0,3,8.0,0.38095238095238093,8.440322850718209,2,18.0,0.47546298613788984,2,18.0
4315.0,0,0.0,0.0,7.513213926443924,0,19.0,0.46115420131243384,0,19.0
4320.0,3,11.0,0.4782608695652174,8.699018303964971,3,22.0,0.4900701592864136,3,22.0
4325.0,7,38.0,1.52,8.441777109696345,7,49.0,0.36848150979526045,7,49.0
4330.0,10,82.0,3.5652173913043477,7.314094269358109,10,93.0,0.3542026147319271,10,93.0
4335.0,9,115.0,5.2272727272727275,5.084819339501599,9,126.0,0.2386528196098323,9,126.0
4340.0,10,137.0,6.85,4.604482700584058,10,156.0,0.23004425001707243,10,156.0
4345.0,7,120.0,4.615384615384615,7.053961792232065,7,128.0,0.3450078643816426,7,128.0
4350.0,4,18.0,0.6206896551724138,9.584544888881167,3,85.0,0.5504472779757842,3,85.0
4355.0,2,16.0,0.5,10.24572028516755,2,93.0,0.5533302270644452,2,93.0
4360.0,10,49.0,1.6333333333333333,7.804358473105906,10,126.0,0.31777096186724446,10,126.0
4365.0,12,99.0,3.8076923076923075,4.976213905032746,12,176.0,0.17871247748094607,12,176.0
4370.0,17,174.0,6.444444444444445,4.900118113722285,17,251.0,0.1793867358833926,17,251.0
4375.0,17,259.0,9.25,5.005358840378912,17,336.0,0.2669785744044824,17,336.0
4380.0,17,288.0,10.666666666666666,1.9837557656830214,17,357.0,0.06683247974659716,17,357.0
4385.0,14,249.0,8.03225806451613,4.532758443137473,14,393.0,0.21189163423752036,14,393.0
4390.0,13,212.0,6.424242424242424,5.313388067168573,13,329.0,0.31595892614440557,13,329.0
4395.0,12,98.0,2.6486486486486487,6.628864236753482,12,320.0,0.2956873780977949,12,320.0
4400.0,9,87.0,2.4166666666666665,7.379163330119768,9,254.0,0.29680387710583467,9,254.0
4405.0,10,100.0,2.5641025641025643,7.205763875218183,10,225.0,0.2423037119068836,10,225.0
4410.0,4,14.0,0.42424242424242425,6.967436494763897,4,180.0,0.28925324999061286,4,180.0
4415.0,10,50.0,1.5151515151515151,6.4875932435324914,10,216.0,0.19501862567283532,10,216.0
4420.0,16,118.0,3.4705882352941178,6.704472996758481,16,284.0,0.2760305557035328,16,284.0
4425.0,17,202.0,6.121212121212121,5.141124881845416,17,368.0,0.19282017093290726,17,368.0
4430.0,22,276.0,8.625,3.2294346035129076,22,406.0,0.1097577126172247,22,406.0
4435.0,14,255.0,7.285714285714286,5.268349396142631,14,419.0,0.21271096677387039,14,419.0
4440.0,12,233.0,7.0606060606060606,4.102861652702231,12,371.0,0.16939977076151247,12,371.0
4445.0,12,113.0,2.825,6.892859734262315,12,357.0,0.24524773088451438,12,357.0
4450.0,11,85.0,2.361111111111111,6.845130529202976,11,321.0,0.27269422757001194,11,321.0
4455.0,12,103.0,2.942857142857143,5.487840743219634,12,268.0,0.18601214594896473,12,268.0
4460.0,8,31.0,0.8857142857142857,5.903819536640515,8,261.0,0.20911062092000512,8,261.0
4465.0,9,35.0,1.0,6.056941066990996,9,240.0,0.3040620492426214,9,240.0
4470.0,11,45.0,1.25,6.932076972373845,11,249.0,0.29976152661075517,11,249.0
4475.0,13,90.0,2.3684210526315788,7.146019856836357,11,223.0,0.24291857738868586,11,223.0
4480.0,12,114.0,3.0,7.041587690951017,12,252.0,0.3347453272121138,12,252.0
4485.0,6,30.0,0.8571428571428571,6.047602801545854,6,194.0,0.22856560202002432,6,194.0
4490.0,8,43.0,1.303030303030303,6.177464426718745,8,230.0,0.20559638716755252,8,230.0
4495.0,15,106.0,3.0285714285714285,5.501082466909297,15,293.0,0.18705799499967213,15,293.0
4500.0,17,138.0,4.3125,3.669006705305266,17,311.0,0.12711751666904958,17,311.0
4505.0,16,135.0,3.75,5.44488748725302,16,370.0,0.18420944642793288,16,370.0
4510.0,15,200.0,5.882352941176471,6.351767085654572,15,404.0,0.29174398152514525,15,404.0
4515.0,18,235.0,6.351351351351352,5.4121791065207505,18,383.0,0.2255215464811462,18,383.0
4520.0,14,104.0,2.810810810810811,5.618373429588051,14,377.0,0.2521708898942635,14,377.0
4525.0,7,44.0,1.1578947368421053,5.644009664872254,7,333.0,0.2728430173075337,7,333.0
4530.0,10,38.0,1.0,5.7621435624275925,9,346.0,0.2220745342096336,9,346.0
4535.0,15,104.0,2.6,6.5626832149872225,13,360.0,0.19951859026086424,13,360.0
4540.0,16,134.0,3.526315789473684,5.783891093172653,16,342.0,0.20910158104408427,16,342.0
4545.0,8,59.0,1.5945945945945945,6.661591493209303,8,275.0,0.28019200270391226,8,275.0
4550.0,9,50.0,1.3513513513513513,7.545425267001366,7,185.0,0.33110122716632917,7,185.0
4555.0,10,100.0,2.7027027027027026,8.801130916412237,8,120.0,0.4449970250974394,8,120.0
4560.0,5,45.0,1.3636363636363635,7.0283121745734025,5,76.0,0.30974577603038145,5,76.0
4565.0,5,20.0,0.5882352941176471,7.809925865946326,4,79.0,0.2610881503615388,4,79.0
4570.0,7,31.0,0.9117647058823529,9.29256924220785,7,67.0,0.4644253482506196,7,67.0
4575.0,6,16.0,0.5,9.033368026823215,6,70.0,0.4209452603603818,6,70.0
4580.0,7,46.0,1.6428571428571428,8.414292943910223,7,70.0,0.3290304792500539,7,70.0
4585.0,5,41.0,1.4137931034482758,7.46960694939872,5,56.0,0.3270751617793864,5,56.0
4590.0,4,18.0,0.75,8.529037036542594,4,61.0,0.38387342705872624,4,61.0
4595.0,3,19.0,0.6551724137931034,8.523246064631065,3,56.0,0.2907939612172475,3,56.0
4600.0,5,18.0,0.6206896551724138,9.956588592911153,5,55.0,0.5295407244848077,5,55.0
4605.0,4,26.0,1.0833333333333333,8.342803697152084,4,49.0,0.40861652517161484,4,49.0
4610.0,5,19.0,0.7916666666666666,8.167492313881462,4,46.0,0.3111101200907378,4,46.0
4615.0,4,24.0,1.0,8.126871085094217,4,51.0,0.3882555268567829,4,51.0
4620.0,3,14.0,0.5833333333333334,9.338341493883409,3,49.0,0.4779090470634358,3,49.0
4625.0,7,29.0,1.1153846153846154,8.197582734606126,7,49.0,0.4252010264200228,7,49.0
4630.0,6,22.0,0.88,7.7289180851881945,6,58.0,0.4198584903641922,6,58.0
4635.0,4,26.0,1.1304347826086956,5.897264928613099,4,54.0,0.3687326002680963,4,54.0
4640.0,5,20.0,0.7692307692307693,6.248997365050086,5,67.0,0.2734951983866354,5,67.0
4645.0,6,28.0,0.9655172413793104,7.2438461640955385,6,66.0,0.4059100443306421,6,66.0
4650.0,4,19.0,0.6785714285714286,8.392770451870586,4,78.0,0.39302502701775544,4,78.0
4655.0,4,22.0,0.7333333333333333,8.063163316810913,4,72.0,0.2894404944577062,4,72.0
4660.0,5,24.0,0.8275862068965517,9.142168933604548,5,80.0,0.43820429366614255,5,80.0
4665.0,6,37.0,1.4230769230769231,7.944590945178083,6,78.0,0.38896327548912996,6,78.0
4670.0,5,22.0,0.8148148148148148,7.815691326164614,5,81.0,0.36700755484564035,5,81.0
4675.0,6,34.0,1.2592592592592593,7.277053725203113,6,81.0,0.38969686641658646,6,81.0
4680.0,7,25.0,0.9615384615384616,6.7987011717800145,5,94.0,0.28281513633829125,5,94.0
4685.0,8,47.0,1.6785714285714286,7.026916263743703,8,101.0,0.28145281374590636,8,101.0
4690.0,7,35.0,1.2962962962962963,8.070104911533944,7,114.0,0.37474918376323574,7,114.0
4695.0,6,40.0,1.4814814814814814,7.45667800127634,6,95.0,0.38496650902673896,6,95.0
4700.0,8,27.0,1.0384615384615385,6.804814117925172,8,93.0,0.27545268418972846,8,93.0
4705.0,5,31.0,1.0333333333333334,7.8219902755290605,5,84.0,0.3687093097496302,5,84.0
4710.0,5,13.0,0.4642857142857143,8.07830681450327,4,67.0,0.41499534143027206,4,67.0
4715.0,4,17.0,0.5483870967741935,8.860705620051798,4,64.0,0.41268693290772335,4,64.0
4720.0,6,17.0,0.5483870967741935,9.187529443360612,5,56.0,0.518137949147283,5,56.0
4725.0,8,52.0,2.0,7.847953133590001,6,74.0,0.36294145752092544,6,74.0
4730.0,6,45.0,1.6666666666666667,7.274723931918684,6,62.0,0.29327647789706485,6,62.0
4735.0,4,15.0,0.5769230769230769,8.787071428575182,3,62.0,0.41479597087159864,3,62.0
4740.0,3,15.0,0.6521739130434783,7.769343777880452,3,62.0,0.3203523947523523,3,62.0
4745.0,7,25.0,0.8928571428571429,8.794007174440788,7,72.0,0.32400119063456634,7,72.0
4750.0,5,36.0,1.3846153846153846,8.81389456316872,5,64.0,0.6000371396752463,5,64.0
4755.0,2,5.0,0.19230769230769232,8.143276580736064,1,53.0,0.4864272697700867,1,53.0
4760.0,6,14.0,0.56,6.71760753510601,6,63.0,0.27150387852124036,6,63.0
4765.0,5,26.0,0.9629629629629629,8.17407892680381,5,78.0,0.3562641109213484,5,78.0
4770.0,6,37.0,1.4230769230769231,8.554393685498045,6,108.0,0.37052383873524475,6,108.0
4775.0,1,7.0,0.2692307692307692,9.903299715671217,1,57.0,0.48002175308613515,1,57.0
4780.0,2,5.0,0.2,9.126379478398208,2,62.0,0.454362845277118,2,62.0
4785.0,4,19.0,0.8260869565217391,9.106007008126282,4,76.0,0.43693381804979603,4,76.0
4790.0,5,33.0,1.434782608695652,7.950952790819786,5,71.0,0.32406969533482305,5,71.0
4795.0,1,5.0,0.18518518518518517,9.366579811997545,1,60.0,0.42969934713128377,1,60.0
4800.0,1,2.0,0.08,9.37078760359305,1,63.0,0.5641331555031933,1,63.0
4805.0,6,20.0,0.7142857142857143,9.00316724434654,6,81.0,0.4335034083634002,6,81.0
4810.0,7,31.0,1.2916666666666667,7.286963499492823,7,74.0,0.3259812137542509,7,74.0
4815.0,5,25.0,1.0869565217391304,7.535585264614089,5,80.0,0.18530349528553894,5,80.0
4820.0,2,5.0,0.2,8.761043432102172,2,57.0,0.3660029455911524,2,57.0
4825.0,3,11.0,0.4074074074074074,10.337936855467635,3,52.0,0.544991056600057,3,52.0
4830.0,5,22.0,0.9565217391304348,8.927480674825341,5,50.0,0.4132299441177777,5,50.0
4835.0,4,13.0,0.5,8.371353156271015,4,54.0,0.3261150178773838,4,54.0
4840.0,3,12.0,0.5,8.600674181683914,3,58.0,0.5739285542058326,3,58.0
4845.0,4,13.0,0.48148148148148145,8.716622623612095,4,62.0,0.47869859515772706,4,62.0
4850.0,7,33.0,1.2692307692307692,6.951477577990153,7,67.0,0.34516549540914565,7,67.0
4855.0,5,25.0,0.9615384615384616,7.551810024800551,5,77.0,0.3282271734978432,5,77.0
4860.0,4,13.0,0.5909090909090909,6.040294701743424,4,67.0,0.22137499686279916,4,67.0
4865.0,6,19.0,0.6551724137931034,8.0708291278054,5,76.0,0.3435179780485495,5,76.0
4870.0,7,35.0,1.3461538461538463,8.105620414625779,7,75.0,0.5167101142394357,7,75.0
4875.0,3,18.0,0.6666666666666666,9.010972819892528,3,77.0,0.46702044287170147,3,77.0
4880.0,4,27.0,1.0,9.535442971158629,4,46.0,0.38646313967256124,4,46.0
4885.0,6,34.0,1.1724137931034482,8.949781257912447,6,49.0,0.3417508356448647,6,49.0
4890.0,3,13.0,0.5652173913043478,8.64751951026871,3,44.0,0.45409339882594474,3,44.0
4895.0,5,28.0,1.0769230769230769,8.666862449009882,5,52.0,0.4239632019748792,5,52.0
4900.0,6,22.0,0.8461538461538461,8.504932590421838,5,60.0,0.49284092626427567,5,60.0
4905.0,5,27.0,1.08,6.609786162773506,5,57.0,0.34245320590125844,5,57.0
4910.0,7,26.0,1.0,7.147845812253302,7,70.0,0.32186785890488656,7,70.0
4915.0,4,31.0,1.1481481481481481,7.637559643246611,4,56.0,0.4500522492527726,4,56.0
4920.0,5,15.0,0.5555555555555556,8.560814322738707,4,59.0,0.4072901815987645,4,59.0
4925.0,5,23.0,0.8214285714285714,8.147461844993925,5,61.0,0.3689734247259021,5,61.0
4930.0,5,24.0,0.8571428571428571,9.355474814054077,5,70.0,0.4902544692471814,5,70.0
4935.0,6,39.0,1.56,7.655551049691155,6,68.0,0.3108918728442597,6,68.0
4940.0,5,26.0,1.1304347826086956,7.5715282473660155,5,62.0,0.2582873060095912,5,62.0
4945.0,4,28.0,1.037037037037037,8.691078777004583,4,56.0,0.445558061333213,4,56.0
4950.0,3,13.0,0.52,8.674740403795735,3,57.0,0.4908590060997288,3,57.0
4955.0,8,50.0,1.8518518518518519,8.892680767966873,6,64.0,0.4361750903716448,6,64.0
4960.0,5,48.0,1.7777777777777777,9.120637172090683,5,62.0,0.5191408096729636,5,62.0
4965.0,3,13.0,0.52,9.350822904404357,2,54.0,0.4974587268867338,2,54.0
4970.0,3,13.0,0.52,8.513345908588919,3,37.0,0.4674276739656158,3,37.0
4975.0,7,28.0,1.0769230769230769,9.25214742907517,6,49.0,0.5006788477468564,6,49.0
4980.0,7,56.0,2.4347826086956523,7.913668971012403,7,80.0,0.29998721449711246,7,80.0
4985.0,8,96.0,3.6923076923076925,8.362740910579205,8,120.0,0.24424725278940698,8,120.0
4990.0,9,141.0,6.409090909090909,7.919091490783762,9,165.0,0.38396363957722124,9,165.0
4995.0,10,188.0,7.52,7.424333567748643,10,212.0,0.2808076214335698,10,212.0
5000.0,13,246.0,9.84,6.525492681337723,13,270.0,0.2785931829667149,13,270.0
5005.0,14,313.0,12.52,6.190940294357864,14,337.0,0.28306518690833876,14,337.0
5010.0,11,237.0,9.875,4.523279442129301,11,249.0,0.25526227544845626,11,249.0
5015.0,4,41.0,1.4137931034482758,8.125620035283434,3,196.0,0.376113346313689,3,196.0
5020.0,3,5.0,0.16129032258064516,8.75945435871863,3,166.0,0.4397203390755974,3,166.0
5025.0,7,32.0,1.0,8.115643177416118,7,193.0,0.35172918763399674,7,193.0
5030.0,8,46.0,1.6428571428571428,6.4596695104777195,8,156.0,0.35497112399723657,8,156.0
5035.0,6,22.0,0.7586206896551724,6.888508434546148,6,131.0,0.3089669264047963,6,131.0
5040.0,3,9.0,0.34615384615384615,6.809454270947589,3,99.0,0.2852595299856313,3,99.0
5045.0,4,15.0,0.45454545454545453,8.47654233884497,4,99.0,0.34443364463683945,4,99.0
5050.0,8,50.0,1.7241379310344827,8.428707811044262,7,130.0,0.4432836693037138,7,130.0
5055.0,7,61.0,2.259259259259259,7.430409847041938,7,111.0,0.30187204664538364,7,111.0
5060.0,5,22.0,0.88,7.373863016142405,5,92.0,0.252235547708382,5,92.0
5065.0,2,10.0,0.3448275862068966,9.019627094982772,2,96.0,0.36727762580378037,2,96.0
5070.0,4,19.0,0.6785714285714286,9.506783799191213,4,105.0,0.49628979294766706,4,105.0
5075.0,6,36.0,1.2,8.321789342221306,6,95.0,0.45407007680719286,6,95.0
5080.0,7,23.0,0.8214285714285714,6.6159395332263475,6,98.0,0.3328607708939039,6,98.0
5085.0,4,18.0,0.6923076923076923,4.260597604407204,4,114.0,0.16669236775085083,4,114.0
5090.0,9,33.0,1.1785714285714286,6.048383696202521,9,128.0,0.2094926765307329,9,128.0
5095.0,8,45.0,1.5517241379310345,7.015962778026617,8,113.0,0.35997084802149876,8,113.0
5100.0,6,32.0,1.1428571428571428,8.286051812223862,5,117.0,0.29253874524818035,5,117.0
5105.0,2,12.0,0.4,8.668093856860718,2,117.0,0.34360001922338207,2,117.0
5110.0,5,19.0,0.6785714285714286,8.922712674538962,5,124.0,0.4641393092815452,5,124.0
5115.0,7,40.0,1.6,6.4997799973750565,7,118.0,0.31198954675122836,7,118.0
5120.0,7,35.0,1.206896551724138,7.69198958066097,7,126.0,0.3220578482978852,7,126.0
5125.0,7,48.0,1.6551724137931034,8.252551303278098,7,109.0,0.3903161844539478,7,109.0
5130.0,5,35.0,1.25,7.237558723343156,5,79.0,0.3607198470115659,5,79.0
5135.0,7,17.0,0.5862068965517241,6.59118872285843,7,79.0,0.22414889045652772,7,79.0
5140.0,8,38.0,1.4074074074074074,6.708122820686312,8,90.0,0.3060056107620958,8,90.0
5145.0,4,20.0,0.6666666666666666,8.795443192452577,4,83.0,0.40790956259796507,4,83.0
5150.0,7,33.0,1.1785714285714286,7.8048322110426955,7,82.0,0.3973080190740945,7,82.0
5155.0,6,30.0,0.9375,8.040467280184172,6,96.0,0.3319358625763721,6,96.0
5160.0,9,69.0,2.5555555555555554,7.558602419622487,9,116.0,0.30649933123680856,9,116.0
5165.0,8,70.0,2.413793103448276,7.054028454205373,8,100.0,0.26142908592109165,8,100.0
5170.0,8,32.0,1.1428571428571428,7.34524091111049,8,77.0,0.40687725349557824,8,77.0
5175.0,2,16.0,0.5925925925925926,7.140376573572399,2,78.0,0.40758260451930417,2,78.0
5180.0,7,20.0,0.6896551724137931,7.129440322302329,7,91.0,0.2802955037277411,7,91.0
5185.0,5,28.0,0.9333333333333333,7.860186674581022,5,71.0,0.4165990111966592,5,71.0
5190.0,4,15.0,0.5555555555555556,8.796814629002844,3,52.0,0.3831868583167062,3,52.0
5195.0,3,12.0,0.36363636363636365,9.738529971083137,3,66.0,0.3769934464223657,3,66.0
5200.0,5,17.0,0.5666666666666667,9.851899436656241,5,65.0,0.5463456016851072,5,65.0
5205.0,5,28.0,1.0769230769230769,7.668702241723417,5,57.0,0.40396254304910334,5,57.0
5210.0,6,23.0,0.9583333333333334,6.687454981038825,6,65.0,0.2895643451878197,6,65.0
5215.0,5,32.0,1.3333333333333333,6.453305680416687,5,72.0,0.3193612369405271,5,72.0
5220.0,5,24.0,1.0,7.142563683218491,5,75.0,0.35005725069536964,5,75.0
5225.0,7,42.0,1.5,8.722319130431543,7,70.0,0.424987714800994,7,70.0
5230.0,3,17.0,0.6296296296296297,9.638109232844288,3,69.0,0.5327923479650095,3,69.0
5235.0,4,16.0,0.64,7.094268301870633,4,72.0,0.37585568723076773,4,72.0
5240.0,5,19.0,0.76,6.572959102503378,5,82.0,0.23698300729630123,5,82.0
5245.0,7,30.0,1.0714285714285714,7.160828529864657,7,68.0,0.33959459267765724,7,68.0
5250.0,6,22.0,0.7857142857142857,9.00652380837632,4,74.0,0.4772532616310144,4,74.0
5255.0,5,34.0,1.1724137931034482,9.63497056885956,3,39.0,0.5527901401719334,3,39.0
5260.0,3,10.0,0.35714285714285715,7.971823785235778,3,29.0,0.39948251642977006,3,29.0
5265.0,3,14.0,0.5384615384615384,8.716877683405727,3,32.0,0.46134422295515937,3,32.0
5270.0,5,23.0,0.8518518518518519,8.785208900047005,5,34.0,0.43917386804387165,5,34.0
5275.0,2,12.0,0.42857142857142855,10.743529033879435,2,35.0,0.5859809595244607,2,35.0
5280.0,6,20.0,0.8695652173913043,7.182988889975566,6,42.0,0.27556236033371034,6,42.0
5285.0,7,32.0,1.2307692307692308,8.06704444826538,7,60.0,0.2743953790560082,7,60.0
5290.0,6,38.0,1.6521739130434783,8.230199349054262,6,53.0,0.51121670094352,6,53.0
5295.0,4,19.0,0.7307692307692307,9.084320288433073,3,57.0,0.522416687342345,3,57.0
5300.0,6,32.0,1.28,7.677901755684101,6,67.0,0.32158100485926316,6,67.0
5305.0,6,34.0,1.2592592592592593,8.09447575745467,6,85.0,0.3746573590067006,6,85.0
5310.0,6,37.0,1.5416666666666667,6.999805934060411,6,64.0,0.31808963374043614,6,64.0
5315.0,3,11.0,0.4074074074074074,8.356395658068857,2,61.0,0.33048726908335424,2,61.0
5320.0,3,15.0,0.5172413793103449,9.948473781974615,3,39.0,0.6144266330600643,3,39.0
5325.0,4,11.0,0.4230769230769231,9.22941181141433,3,41.0,0.5015705957850937,3,41.0
5330.0,6,36.0,1.5,7.320372369534681,6,59.0,0.2654605903314501,6,59.0
5335.0,5,33.0,1.2692307692307692,8.129373861377431,5,55.0,0.3923559748727956,5,55.0
5340.0,2,10.0,0.45454545454545453,8.94773596995733,2,41.0,0.4700695112335801,2,41.0
5345.0,4,14.0,0.5,9.593830075294056,4,45.0,0.4639520323862729,4,45.0
5350.0,5,25.0,0.9615384615384616,9.260262140683722,5,58.0,0.5521921450513969,5,58.0
5355.0,7,57.0,2.4782608695652173,6.63100460715561,7,90.0,0.32471925948718766,7,90.0
5360.0,14,113.0,4.708333333333333,4.952409529772485,14,146.0,0.18679731111707704,14,146.0
5365.0,13,165.0,6.346153846153846,4.880139950116712,13,196.0,0.24005830762362645,13,196.0
5370.0,12,199.0,7.96,5.121931677711814,12,237.0,0.2974319254753409,12,237.0
5375.0,9,158.0,5.448275862068965,5.977709426336332,9,179.0,0.28071987832157524,9,179.0
5380.0,7,40.0,1.25,7.393851344120813,6,167.0,0.4058322112341211,6,167.0
5385.0,5,22.0,0.7096774193548387,7.404010403452521,5,175.0,0.34726332000935023,5,175.0
5390.0,7,29.0,0.9354838709677419,7.564052475064089,7,191.0,0.21713343648215713,7,191.0
5395.0,8,45.0,1.40625,7.3201446621809545,8,171.0,0.31307052188948475,8,171.0
5400.0,7,35.0,1.206896551724138,8.140535466313324,7,168.0,0.334666304221614,7,168.0
