step,system_total_stopped,system_total_waiting_time,system_mean_waiting_time,system_mean_speed,TL_stopped,TL_accumulated_waiting_time,TL_average_speed,agents_total_stopped,agents_total_accumulated_waiting_time
0.0,0,0.0,0.0,0.0,0,0.0,1.0,0,0.0
5.0,0,0.0,0.0,0.0,0,0.0,1.0,0,0.0
10.0,0,0.0,0.0,0.0,0,0.0,1.0,0,0.0
15.0,0,0.0,0.0,0.0,0,0.0,1.0,0,0.0
20.0,0,0.0,0.0,10.0,0,0.0,0.6526537980306694,0,0.0
25.0,0,0.0,0.0,14.269362555933185,0,0.0,0.9312953667606413,0,0.0
30.0,0,0.0,0.0,15.026658865246564,0,0.0,0.9807205980114398,0,0.0
35.0,0,0.0,0.0,14.826236962662652,0,0.0,0.9676399864184475,0,0.0
40.0,0,0.0,0.0,13.579162144959984,0,0.0,0.9870286771180041,0,0.0
45.0,0,0.0,0.0,13.550745422296306,0,0.0,0.984787976002482,0,0.0
50.0,0,0.0,0.0,13.636611869310574,0,0.0,0.9901858241024892,0,0.0
55.0,0,0.0,0.0,13.53619972201631,0,0.0,0.9829058087231024,0,0.0
60.0,0,0.0,0.0,13.641729670445049,0,0.0,0.9895953659195832,0,0.0
65.0,0,0.0,0.0,13.582294759965581,0,0.0,0.9863656637973357,0,0.0
70.0,0,0.0,0.0,13.423476500887038,0,0.0,0.9746982117450289,0,0.0
75.0,0,0.0,0.0,13.745811703250357,0,0.0,0.9989214413028352,0,0.0
80.0,0,0.0,0.0,13.737328154776325,0,0.0,0.9995805123195665,0,0.0
85.0,0,0.0,0.0,13.50518933408529,0,0.0,0.968835020574804,0,0.0
90.0,0,0.0,0.0,13.517478270208077,0,0.0,0.9728072893079419,0,0.0
95.0,0,0.0,0.0,13.626307805984826,0,0.0,0.9841587525093629,0,0.0
100.0,0,0.0,0.0,12.175634013277516,0,0.0,0.7174645591633113,0,0.0
105.0,0,0.0,0.0,13.835369167111807,0,0.0,0.9669597615932508,0,0.0
110.0,0,0.0,0.0,14.060134070780492,0,0.0,0.9985292203326148,0,0.0
115.0,0,0.0,0.0,13.588032430421464,0,0.0,0.9929659911138471,0,0.0
120.0,0,0.0,0.0,13.55440108683292,0,0.0,0.9869477314196835,0,0.0
125.0,0,0.0,0.0,13.251755505125178,0,0.0,0.9808014705558259,0,0.0
130.0,0,0.0,0.0,13.297780931717856,0,0.0,0.9908140133115713,0,0.0
135.0,0,0.0,0.0,13.163004434992517,0,0.0,0.9803694731599834,0,0.0
140.0,0,0.0,0.0,13.198344882320571,0,0.0,0.9879255321510539,0,0.0
145.0,0,0.0,0.0,13.068401638491194,0,0.0,0.9785187883354547,0,0.0
150.0,0,0.0,0.0,10.900233330958967,0,0.0,0.8046476016087164,0,0.0
155.0,2,7.0,1.1666666666666667,8.267820753160345,2,7.0,0.5930780704943562,2,7.0
160.0,2,17.0,2.8333333333333335,8.272810741375395,2,17.0,0.594124018730278,2,17.0
165.0,1,15.0,2.5,6.28897164216954,1,27.0,0.4935031916974025,1,27.0
170.0,1,20.0,3.3333333333333335,7.885559337660361,1,20.0,0.7348089981328768,1,20.0
175.0,1,25.0,3.125,9.630339904397612,1,25.0,0.6951960782049973,1,25.0
180.0,1,30.0,3.75,11.430982514452479,1,30.0,0.7841393339131394,1,30.0
185.0,1,35.0,3.888888888888889,11.404483387319939,1,35.0,0.7532761006057247,1,35.0
190.0,1,40.0,4.0,11.429354195355142,1,40.0,0.7529676731438375,1,40.0
195.0,1,45.0,4.5,11.092813279531223,1,48.0,0.7094668037686109,1,48.0
200.0,1,50.0,5.0,11.394148656300061,1,50.0,0.8197970399289422,1,50.0
205.0,1,55.0,4.583333333333333,11.751387150942874,1,55.0,0.8163132513870761,1,55.0
210.0,1,60.0,4.615384615384615,12.419174646862379,1,60.0,0.8592380877492198,1,60.0
215.0,1,65.0,4.0625,12.277429583519222,1,65.0,0.8353578722761282,1,65.0
220.0,1,70.0,4.375,12.750214389537842,1,70.0,0.8704810468339659,1,70.0
225.0,2,77.0,4.529411764705882,11.590146797409178,2,77.0,0.7620671515525355,2,77.0
230.0,2,85.0,4.722222222222222,11.256060476979222,2,91.0,0.7646688182676681,2,91.0
235.0,2,95.0,5.0,11.569232906665741,2,95.0,0.806270582525855,2,95.0
240.0,2,105.0,5.526315789473684,12.17673448804977,2,105.0,0.8430702518368272,2,105.0
245.0,2,115.0,6.388888888888889,11.831147918472933,2,115.0,0.7888337373900122,2,115.0
250.0,3,130.0,5.909090909090909,11.880630545588259,3,130.0,0.8026728275644357,3,130.0
255.0,3,145.0,6.041666666666667,11.948953472895871,3,145.0,0.8195165126568382,3,145.0
260.0,3,146.0,5.84,11.309652963695427,3,160.0,0.7713865332613388,3,160.0
265.0,4,164.0,6.833333333333333,11.073274629415058,4,164.0,0.7493292024763193,4,164.0
270.0,2,165.0,6.6,11.151990942281023,2,182.0,0.7543255011921521,2,182.0
275.0,2,175.0,6.481481481481482,11.68657997422608,2,175.0,0.8361764744420044,2,175.0
280.0,2,185.0,6.851851851851852,11.84010265375776,2,185.0,0.8042321199921143,2,185.0
285.0,3,200.0,7.6923076923076925,11.431131623455776,3,200.0,0.7369646046694018,3,200.0
290.0,4,220.0,8.8,10.901428641537557,4,220.0,0.6747379193299794,4,220.0
295.0,5,245.0,8.75,10.895616291978019,5,245.0,0.6901039685152549,5,245.0
300.0,5,270.0,9.310344827586206,11.148927381924295,5,270.0,0.7024851814462473,5,270.0
305.0,6,298.0,9.3125,10.503257885022466,6,298.0,0.6625256432854391,6,298.0
310.0,7,332.0,10.06060606060606,10.483472897320581,7,332.0,0.6611343653386578,7,332.0
315.0,6,358.0,10.848484848484848,10.212894778680093,6,366.0,0.6314874886272432,6,366.0
320.0,8,394.0,11.588235294117647,9.883875661137676,8,394.0,0.6229714409164492,8,394.0
325.0,9,436.0,13.625,9.493039951499687,9,436.0,0.6150435638859866,9,436.0
330.0,9,481.0,14.575757575757576,9.625732465122686,9,481.0,0.6156326737586442,9,481.0
335.0,5,393.0,12.28125,9.528716524054158,5,522.0,0.6133430441574176,5,522.0
340.0,4,347.0,10.84375,10.015906467420624,4,368.0,0.7493632541073241,4,368.0
345.0,5,368.0,11.5,10.569212089102741,5,389.0,0.7494007691424308,5,389.0
350.0,6,395.0,12.34375,9.852368939046858,6,416.0,0.6105648840027743,6,416.0
355.0,6,423.0,13.21875,9.270958441322795,6,454.0,0.5440336710365558,6,454.0
360.0,8,459.0,14.34375,9.10079272130986,8,480.0,0.5490419489930982,8,480.0
365.0,8,148.0,4.625,8.800240602726532,8,522.0,0.4950472542598042,8,522.0
370.0,5,54.0,1.7419354838709677,9.342899315717547,5,101.0,0.5894624795648774,5,101.0
375.0,6,71.0,2.2903225806451615,9.419630464450632,6,129.0,0.5133513975519284,6,129.0
380.0,9,111.0,3.7,8.407193967601723,9,158.0,0.3214125532744037,9,158.0
385.0,7,67.0,2.161290322580645,8.396867671132734,7,207.0,0.33303896661247784,7,207.0
390.0,4,58.0,1.8125,9.636743983310474,4,84.0,0.619401514970101,4,84.0
395.0,4,78.0,2.4375,10.245932884048223,4,104.0,0.550656251967427,4,104.0
400.0,5,102.0,3.1875,10.388122128879358,5,128.0,0.47962836845507556,5,128.0
405.0,5,122.0,4.206896551724138,10.685078923434254,5,156.0,0.4967191106578677,5,156.0
410.0,5,147.0,5.068965517241379,10.81928933262174,5,173.0,0.5596214796835688,5,173.0
415.0,5,172.0,6.142857142857143,10.903025520292612,5,198.0,0.5716132632366561,5,198.0
420.0,7,201.0,7.730769230769231,9.826313957626724,7,227.0,0.41270038263684583,7,227.0
425.0,4,161.0,5.75,9.950026170293995,4,259.0,0.491276010134462,4,259.0
430.0,4,181.0,6.703703703703703,10.550532729941827,4,207.0,0.6484484656620654,4,207.0
435.0,4,201.0,7.444444444444445,10.822110999587212,4,227.0,0.6597104047355763,4,227.0
440.0,4,221.0,7.620689655172414,11.071409995760328,4,247.0,0.6736346989252628,4,247.0
445.0,4,217.0,7.482758620689655,10.468611503441942,4,270.0,0.5760461873733584,4,270.0
450.0,5,242.0,9.307692307692308,10.335364541600146,5,268.0,0.6609706864413635,5,268.0
455.0,5,267.0,10.68,10.540927983726338,5,293.0,0.68131538874575,5,293.0
460.0,6,294.0,12.25,10.185301874064429,6,320.0,0.6233400639084279,6,320.0
465.0,6,303.0,12.625,9.891903195043616,6,351.0,0.5814273174883497,6,351.0
470.0,5,308.0,12.32,10.004435445737379,5,354.0,0.6063853797215766,5,354.0
475.0,7,341.0,11.758620689655173,10.031653872387686,7,387.0,0.6296257085995247,7,387.0
480.0,7,376.0,12.129032258064516,10.56291204433306,7,422.0,0.6753142415893705,7,422.0
485.0,6,396.0,13.655172413793103,10.348128517377152,6,422.0,0.7066397296408502,6,422.0
490.0,8,430.0,13.870967741935484,9.84178354451389,8,456.0,0.6445133766002339,8,456.0
495.0,8,470.0,14.242424242424242,10.12276519459718,8,496.0,0.6737078661921493,8,496.0
500.0,9,514.0,15.575757575757576,9.34195678519532,9,540.0,0.5959147392872329,9,540.0
505.0,11,567.0,17.181818181818183,9.192959333521571,11,593.0,0.5800454622263126,11,593.0
510.0,10,613.0,18.029411764705884,8.637717822088948,10,647.0,0.5516927578015642,10,647.0
515.0,12,672.0,19.2,8.657246525850685,12,698.0,0.576214735313746,12,698.0
520.0,12,732.0,20.914285714285715,8.399398284147267,12,758.0,0.5676482715781509,12,758.0
525.0,14,797.0,21.54054054054054,7.291264076654889,14,823.0,0.479735736610754,14,823.0
530.0,19,883.0,23.236842105263158,6.504972116534918,19,909.0,0.42117068018496906,19,909.0
535.0,14,682.0,17.487179487179485,6.492291952077196,14,1000.0,0.4221847970295467,14,1000.0
540.0,6,563.0,14.81578947368421,6.785350490073396,6,613.0,0.5646779095643929,6,613.0
545.0,9,583.0,15.342105263157896,7.352892890465779,9,650.0,0.4963326507839332,9,650.0
550.0,11,638.0,16.789473684210527,8.551391284057107,11,688.0,0.5218009135859077,11,688.0
555.0,8,659.0,17.342105263157894,9.311134966052908,8,740.0,0.5211248149727576,8,740.0
560.0,8,687.0,18.07894736842105,9.278833830485626,8,713.0,0.53783708182687,8,713.0
565.0,9,732.0,18.3,9.833298091376761,9,758.0,0.5592914174164866,9,758.0
570.0,9,777.0,18.951219512195124,9.92794680259441,9,803.0,0.5177792938839739,9,803.0
575.0,7,732.0,17.853658536585368,9.677527963353432,7,851.0,0.4274805660940071,7,851.0
580.0,7,764.0,18.634146341463413,9.76943967520368,7,792.0,0.4851194034499555,7,792.0
585.0,7,383.0,9.119047619047619,10.25198576857728,7,833.0,0.4870137917082016,7,833.0
590.0,6,56.0,1.3333333333333333,10.46890213542019,6,202.0,0.47501503841662873,6,202.0
595.0,5,80.0,1.8181818181818181,10.359870990953791,5,231.0,0.45744969312982964,5,231.0
600.0,9,119.0,2.902439024390244,10.283752866368973,9,265.0,0.48534647666877123,9,265.0
605.0,7,132.0,3.6666666666666665,9.994351172671754,7,308.0,0.5162585733502751,7,308.0
610.0,7,167.0,4.394736842105263,10.10863416800576,7,311.0,0.5797038293642707,7,311.0
615.0,7,185.0,4.743589743589744,10.414469247797877,7,348.0,0.6143212629293109,7,348.0
620.0,6,175.0,4.72972972972973,10.167249221684449,6,194.0,0.6672300373012175,6,194.0
625.0,8,207.0,5.447368421052632,10.034886857099304,8,226.0,0.6293420634359144,8,226.0
630.0,8,247.0,6.175,10.38394726545634,8,266.0,0.6483517071745273,8,266.0
635.0,4,99.0,2.5384615384615383,10.287287394155737,4,302.0,0.6253917801907061,4,302.0
640.0,4,47.0,1.3055555555555556,10.343927740097842,4,114.0,0.7370606817849762,4,114.0
645.0,5,72.0,1.945945945945946,10.378297956991123,5,139.0,0.6889332707002698,5,139.0
650.0,6,102.0,2.914285714285714,10.460678363114356,6,169.0,0.6777714122440174,6,169.0
655.0,4,60.0,1.7647058823529411,10.545040853232571,4,200.0,0.6517539082772728,4,200.0
660.0,3,65.0,1.7567567567567568,10.98286354094986,3,132.0,0.7980832056344415,3,132.0
665.0,4,41.0,1.0512820512820513,10.935267820522139,4,148.0,0.7414288824400499,4,148.0
670.0,4,45.0,1.1538461538461537,11.271701087395627,4,93.0,0.7777021206791801,4,93.0
675.0,4,65.0,1.5853658536585367,10.634617559963244,4,116.0,0.6594819516029472,4,116.0
680.0,9,102.0,2.4878048780487805,9.863526019006228,9,150.0,0.6068465413443835,9,150.0
685.0,5,78.0,1.9024390243902438,10.146306274244685,5,191.0,0.6238591959700538,5,191.0
690.0,4,92.0,2.13953488372093,10.810856224757432,4,140.0,0.7889132097625281,4,140.0
695.0,1,18.0,0.4,11.62637387339787,1,55.0,0.8582486250155587,1,55.0
700.0,1,23.0,0.5227272727272727,12.029287425023654,1,23.0,0.909276239227983,1,23.0
705.0,1,28.0,0.6363636363636364,12.700545922609406,1,28.0,0.9314422222229376,1,28.0
710.0,2,35.0,0.7,12.389010808019242,2,35.0,0.8737241325838824,2,35.0
715.0,6,55.0,1.0,11.410957106229878,6,55.0,0.7560787824654175,6,55.0
720.0,8,92.0,1.6140350877192982,10.864424203192849,8,92.0,0.7090453932498604,8,92.0
725.0,11,145.0,2.685185185185185,10.645305478032057,11,145.0,0.7115159954947343,11,145.0
730.0,11,200.0,3.5714285714285716,10.585476546501184,11,200.0,0.7098236136295827,11,200.0
735.0,14,261.0,4.5,9.756697752451217,14,261.0,0.6399403825477057,14,261.0
740.0,17,341.0,5.982456140350878,9.455105225202077,17,341.0,0.6218877828455911,17,341.0
745.0,17,426.0,7.607142857142857,9.15675820326293,17,426.0,0.6072662385932371,17,426.0
750.0,20,519.0,9.436363636363636,8.178985788079297,20,519.0,0.5418809972765021,20,519.0
755.0,24,632.0,11.087719298245615,7.687882741844994,24,632.0,0.5159399512535084,24,632.0
760.0,24,752.0,13.428571428571429,7.317417732565959,24,752.0,0.4895735790077803,24,752.0
765.0,28,880.0,16.0,6.362737161271474,28,880.0,0.41538409079424476,28,880.0
770.0,26,809.0,14.709090909090909,5.354781422047266,26,1025.0,0.3476038773336401,26,1025.0
775.0,23,793.0,14.418181818181818,5.241298570417745,23,844.0,0.3603566980323337,23,844.0
780.0,21,577.0,10.12280701754386,5.730595245310006,21,958.0,0.33134082233736656,21,958.0
785.0,8,263.0,4.4576271186440675,7.103185910588921,8,464.0,0.44244699979721835,8,464.0
790.0,12,307.0,4.796875,8.118601965074564,12,508.0,0.4412070465410431,12,508.0
795.0,20,397.0,6.015151515151516,8.673911177119102,20,588.0,0.43634902249929447,20,588.0
800.0,22,506.0,7.552238805970149,8.962656703358165,22,697.0,0.4415873122704775,22,697.0
805.0,21,544.0,7.884057971014493,8.597629865132195,21,808.0,0.4172279394731959,21,808.0
810.0,20,630.0,9.130434782608695,8.854773664400426,20,780.0,0.4739332958609496,20,780.0
815.0,20,730.0,10.13888888888889,9.111487219990043,20,880.0,0.4879776851627292,20,880.0
820.0,21,834.0,11.424657534246576,9.41946818858244,21,984.0,0.4963401215803382,21,984.0
825.0,21,939.0,12.194805194805195,9.526427057157195,21,1089.0,0.5112242566270762,21,1089.0
830.0,22,1045.0,13.571428571428571,9.366405941656906,22,1195.0,0.5170523296517003,22,1195.0
835.0,22,1155.0,15.0,9.33898774454224,22,1305.0,0.5364300707226958,22,1305.0
840.0,23,1267.0,16.454545454545453,9.160656527510037,23,1417.0,0.5388593039238423,23,1417.0
845.0,24,1383.0,18.68918918918919,8.880763154683578,24,1533.0,0.5127835867153955,24,1533.0
850.0,26,1506.0,22.147058823529413,8.097540448013245,26,1656.0,0.4877924059839006,26,1656.0
855.0,26,1636.0,24.417910447761194,7.845127375015485,26,1786.0,0.46931541774723723,26,1786.0
860.0,28,1774.0,25.71014492753623,7.315396234663994,28,1924.0,0.42257676479529765,28,1924.0
865.0,32,1929.0,27.956521739130434,7.110724938253361,32,2079.0,0.4268652610966102,32,2079.0
870.0,32,2089.0,29.422535211267604,7.2451719665823635,32,2239.0,0.4404475426858819,32,2239.0
875.0,33,2250.0,32.142857142857146,6.376934153495924,33,2400.0,0.3878372572482946,33,2400.0
880.0,39,2436.0,34.309859154929576,5.803750409308052,39,2586.0,0.3596583232353819,39,2586.0
885.0,41,2636.0,37.12676056338028,5.316649918285724,41,2786.0,0.34346669658022855,41,2786.0
890.0,44,2851.0,39.59722222222222,5.043971824470298,44,3001.0,0.32308712496687525,44,3001.0
895.0,47,3078.0,42.75,4.5897365854732675,47,3228.0,0.29635620531019546,47,3228.0
900.0,47,3313.0,44.770270270270274,4.535721756006248,47,3463.0,0.3043364048663957,47,3463.0
905.0,49,3555.0,46.776315789473685,4.427432555509321,49,3705.0,0.3140554430768633,49,3705.0
910.0,52,3806.0,49.42857142857143,4.066078237298976,52,3956.0,0.2861791184824874,52,3956.0
915.0,56,4077.0,51.607594936708864,3.770121727821185,56,4227.0,0.27162376746871136,56,4227.0
920.0,52,4052.0,48.81927710843374,3.853437841211956,52,4506.0,0.28242709605557936,52,4506.0
925.0,42,3954.0,47.07142857142857,4.440951779347209,42,4239.0,0.3291299659547814,42,4239.0
930.0,44,4171.0,48.5,5.1677512342654754,44,4326.0,0.3347604706389364,44,4326.0
935.0,44,4391.0,50.47126436781609,6.093439072358728,44,4541.0,0.3520513779031167,44,4541.0
940.0,44,4611.0,51.80898876404494,6.773846954361316,44,4761.0,0.37022622837196134,44,4761.0
945.0,45,4833.0,53.10989010989011,6.783020144677426,45,4983.0,0.3477992694174797,45,4983.0
950.0,46,5061.0,54.41935483870968,6.667233017795405,46,5211.0,0.3292780361596791,46,5211.0
955.0,47,5296.0,56.946236559139784,6.539426354691529,47,5446.0,0.30687398408130606,47,5446.0
960.0,49,5538.0,58.294736842105266,6.5278516750723075,49,5688.0,0.2935172492198034,49,5688.0
965.0,50,5785.0,59.03061224489796,6.556972597128249,50,5935.0,0.28375776873296105,50,5935.0
970.0,50,6035.0,60.35,6.549328886342165,50,6185.0,0.2857735676226499,50,6185.0
975.0,51,6289.0,59.89523809523809,6.715631630664748,51,6443.0,0.28321806889220913,51,6443.0
980.0,53,6548.0,62.96153846153846,6.386577926842398,53,6702.0,0.2590133028013274,53,6702.0
985.0,55,6822.0,67.54455445544555,5.954060962293893,55,6976.0,0.25182632771814634,55,6976.0
990.0,56,7101.0,72.45918367346938,5.537883399268585,56,7255.0,0.25994071897824184,56,7255.0
995.0,57,7386.0,78.57446808510639,5.0257476235350795,57,7540.0,0.2682042663898244,57,7540.0
1000.0,60,7678.0,79.15463917525773,5.056051759602292,60,7832.0,0.27268587021259844,60,7832.0
1005.0,60,7978.0,79.78,5.281812557689151,60,8132.0,0.2944668895143896,60,8132.0
1010.0,62,8282.0,81.19607843137256,5.215763006247868,62,8436.0,0.29114189975867544,62,8436.0
1015.0,63,8595.0,85.0990099009901,5.092411206541428,63,8749.0,0.3002280826442032,63,8749.0
1020.0,63,8910.0,89.1,4.859309862048703,63,9064.0,0.29182360715568145,63,9064.0
1025.0,64,9226.0,95.11340206185567,4.443785378964314,64,9380.0,0.24533176642390583,64,9380.0
1030.0,66,9554.0,97.48979591836735,4.419218446100394,66,9708.0,0.23735407132630007,66,9708.0
1035.0,66,9884.0,99.83838383838383,4.451413946558896,66,10038.0,0.228147808501532,66,10038.0
1040.0,67,10218.0,104.26530612244898,4.448476120470646,67,10372.0,0.2327237076952896,67,10372.0
1045.0,67,10553.0,105.53,4.501128383905223,67,10707.0,0.23784193098723333,67,10707.0
1050.0,69,10892.0,105.74757281553399,4.334029668384081,69,11046.0,0.22353994189092635,69,11046.0
1055.0,72,11246.0,105.10280373831776,4.376107987181893,72,11400.0,0.2171665139446224,72,11400.0
1060.0,73,11607.0,107.47222222222223,4.2746123669933365,73,11761.0,0.20790318998195007,73,11761.0
1065.0,75,11979.0,108.9,4.319903806314051,75,12133.0,0.21200331406980355,75,12133.0
1070.0,75,12354.0,108.36842105263158,4.587995906294506,75,12508.0,0.22764329730474195,75,12508.0
1075.0,76,12732.0,114.70270270270271,4.31172641304218,76,12886.0,0.21894095290557625,76,12886.0
1080.0,76,13112.0,118.12612612612612,4.19587851448896,76,13266.0,0.21809238843004974,76,13266.0
1085.0,77,13493.0,121.55855855855856,4.085121811461008,77,13647.0,0.20740199017208527,77,13647.0
1090.0,77,13878.0,125.02702702702703,4.111017540042515,77,14032.0,0.21382744856323818,77,14032.0
1095.0,77,14263.0,128.4954954954955,4.149408856515131,77,14417.0,0.21490886686333374,77,14417.0
1100.0,77,14648.0,133.16363636363636,3.9565945588702185,77,14802.0,0.20636673198653457,77,14802.0
1105.0,78,15037.0,131.90350877192984,3.8097673916549954,78,15191.0,0.18877731903083525,78,15191.0
1110.0,83,15444.0,129.78151260504202,4.038667896768097,83,15598.0,0.21206080012009926,83,15598.0
1115.0,77,13910.0,114.95867768595042,4.260484442442671,77,16007.0,0.23116276945557226,77,16007.0
1120.0,52,7424.0,60.85245901639344,4.672007337010765,52,12709.0,0.2682323438826095,52,12709.0
1125.0,29,4697.0,38.1869918699187,5.5634012582466275,29,10878.0,0.3325390819712807,29,10878.0
1130.0,34,4474.0,36.08064516129032,5.811978006805424,34,11027.0,0.3165705298857975,34,11027.0
1135.0,51,4265.0,33.84920634920635,5.780277570819089,51,10854.0,0.2861153581963231,51,10854.0
1140.0,69,4579.0,36.05511811023622,5.619412233240348,69,11042.0,0.2622802123621337,69,11042.0
1145.0,71,4933.0,38.24031007751938,5.877258844220175,71,11275.0,0.27830146702692743,71,11275.0
1150.0,71,5288.0,41.96825396825397,5.576941368595263,71,11630.0,0.2519242914791867,71,11630.0
1155.0,75,5658.0,44.904761904761905,5.38520010746198,75,12000.0,0.22127491425996326,75,12000.0
1160.0,76,6038.0,48.304,5.139691950257014,76,12380.0,0.2191794141126424,76,12380.0
1165.0,78,6426.0,50.59842519685039,4.9351034560766855,78,12768.0,0.20762234123707488,78,12768.0
1170.0,82,6827.0,51.71969696969697,4.897120238810733,82,13169.0,0.20477522301608864,82,13169.0
1175.0,85,7245.0,53.666666666666664,4.75233306568756,85,13587.0,0.21307487579410606,85,13587.0
1180.0,88,7678.0,56.87407407407407,4.328948550222603,88,14020.0,0.20185264177141243,88,14020.0
1185.0,91,8130.0,61.59090909090909,4.013694968971474,91,14472.0,0.20202275805324582,91,14472.0
1190.0,85,8205.0,64.60629921259843,3.627414596472848,85,14921.0,0.21767907828091929,85,14921.0
1195.0,56,6740.0,52.65625,4.0413061542940145,56,12065.0,0.2564881386489677,56,12065.0
1200.0,38,6033.0,46.76744186046512,5.236719251836662,38,10610.0,0.3324081298258689,38,10610.0
1205.0,46,5128.0,39.751937984496124,5.608415472988406,46,10553.0,0.31955003527809656,46,10553.0
1210.0,55,1824.0,14.362204724409448,5.463761995470439,55,8907.0,0.2834473643683347,55,8907.0
1215.0,60,1483.0,11.67716535433071,5.687788416454965,60,8357.0,0.2897816671266812,60,8357.0
1220.0,64,1797.0,13.930232558139535,5.800812370952506,64,7310.0,0.27077224903905756,64,7310.0
1225.0,69,2133.0,16.15909090909091,6.141953236753257,69,6722.0,0.26211800975474664,69,6722.0
1230.0,73,2486.0,18.55223880597015,6.092071672496853,73,6911.0,0.2359531233517918,73,6911.0
1235.0,74,2855.0,21.14814814814815,5.69285012081108,74,7282.0,0.20144260054326255,74,7282.0
1240.0,79,3243.0,23.5,5.612852859728383,79,7670.0,0.20763726298979976,79,7670.0
1245.0,82,3648.0,26.057142857142857,5.498816910096805,82,8075.0,0.19806496243384078,82,8075.0
1250.0,85,4069.0,28.654929577464788,5.2919082669674395,85,8496.0,0.20115882196549079,85,8496.0
1255.0,88,4502.0,33.34814814814815,4.5548806502175045,88,8929.0,0.18642669009231055,88,8929.0
1260.0,89,4946.0,38.04615384615385,4.19909357546303,89,9373.0,0.19258681546663722,89,9373.0
1265.0,89,5391.0,41.7906976744186,4.096686326400719,89,9818.0,0.201208651914744,89,9818.0
1270.0,90,5837.0,46.696,3.595436256113778,90,10264.0,0.19114096650866796,90,10264.0
1275.0,92,6292.0,51.15447154471545,3.351223615246622,92,10719.0,0.18220550935526622,92,10719.0
1280.0,93,6754.0,55.36065573770492,3.0335348991116042,93,11181.0,0.1866371848630693,93,11181.0
1285.0,94,7221.0,59.67768595041322,2.7694448823603333,94,11648.0,0.19804147356106314,94,11648.0
1290.0,95,7696.0,62.56910569105691,2.6314743614838716,95,12123.0,0.17879197552305054,95,12123.0
1295.0,99,8188.0,64.4724409448819,2.7182348732062556,99,12615.0,0.1857731562146245,99,12615.0
1300.0,102,8692.0,67.90625,2.5507609545585863,102,13119.0,0.1646581636681949,102,13119.0
1305.0,105,9211.0,70.31297709923665,2.602771872766325,105,13638.0,0.16657099771985415,105,13638.0
1310.0,99,9089.0,67.82835820895522,2.801873455214695,99,13850.0,0.18144610129458233,99,13850.0
1315.0,72,6450.0,48.134328358208954,3.2075694113133326,72,10949.0,0.20267807549527625,72,10949.0
1320.0,51,4917.0,35.89051094890511,4.398169758919889,51,9825.0,0.2690610998701912,51,9825.0
1325.0,42,4803.0,34.06382978723404,6.041619953427735,42,7772.0,0.3477386208848875,42,7772.0
1330.0,51,4801.0,33.110344827586204,6.273249691536799,51,8005.0,0.3162822802109607,51,8005.0
1335.0,66,4724.0,32.136054421768705,6.082977953954598,66,7874.0,0.2816043951002776,66,7874.0
1340.0,70,5010.0,33.851351351351354,5.9084118946957185,70,8229.0,0.25115614569323375,70,8229.0
1345.0,50,5023.0,33.046052631578945,6.227193591644042,50,7013.0,0.2864538939006741,50,7013.0
1350.0,45,5191.0,32.85443037974684,7.307414763408857,45,6349.0,0.3663089255747449,45,6349.0
1355.0,45,5416.0,34.278481012658226,8.273203773304658,45,5801.0,0.4119080688237336,45,5801.0
1360.0,45,4293.0,26.337423312883434,8.566343074431472,45,6031.0,0.39032688622465506,45,6031.0
1365.0,23,395.0,2.423312883435583,8.881960957348674,23,3583.0,0.4230147964609032,23,3583.0
1370.0,25,306.0,1.9125,9.105334077742386,25,3692.0,0.43631572572499255,25,3692.0
1375.0,41,447.0,2.9025974025974026,8.517505241137131,41,3592.0,0.3539702516200307,41,3592.0
1380.0,50,565.0,3.69281045751634,8.666977187431664,50,3839.0,0.35891094824169256,50,3839.0
1385.0,50,774.0,5.337931034482758,8.332683596865062,50,3957.0,0.34512536296423246,50,3957.0
1390.0,55,1040.0,7.222222222222222,7.99248494347054,55,4185.0,0.3175787868415712,55,4185.0
1395.0,56,1320.0,9.295774647887324,7.988747718901374,56,4465.0,0.33960466663954175,56,4465.0
1400.0,59,1607.0,11.159722222222221,7.814995594454221,59,4752.0,0.3349378601320679,59,4752.0
1405.0,62,1911.0,13.94890510948905,7.086112678914217,62,5056.0,0.2873538833934313,62,5056.0
1410.0,65,2234.0,16.796992481203006,6.288903229191766,65,5379.0,0.252290523983107,65,5379.0
1415.0,72,2586.0,20.046511627906977,5.739215305729147,72,5731.0,0.2292489963717024,72,5731.0
1420.0,74,2954.0,25.46551724137931,4.830331392944629,74,6099.0,0.22789551240151512,74,6099.0
1425.0,74,3324.0,29.41592920353982,4.6080690133435365,74,6469.0,0.24357495011882457,74,6469.0
1430.0,74,3694.0,32.690265486725664,4.532390361910653,74,6839.0,0.2543581180954571,74,6839.0
1435.0,75,4067.0,35.675438596491226,4.534814724190675,75,7212.0,0.26991010722264724,75,7212.0
1440.0,76,4443.0,39.31858407079646,4.094786141059646,76,7588.0,0.2503910316629976,76,7588.0
1445.0,80,4837.0,42.80530973451327,3.4946915769391778,80,7983.0,0.21580983209326293,80,7983.0
1450.0,83,5247.0,46.43362831858407,3.374718586888894,83,8393.0,0.22065619666070657,83,8393.0
1455.0,86,5667.0,48.85344827586207,3.2950676184236327,86,8813.0,0.21506009583382288,86,8813.0
1460.0,88,6104.0,52.62068965517241,3.016068811578944,88,9250.0,0.19360885920484083,88,9250.0
1465.0,85,5930.0,51.56521739130435,2.4651066839554896,85,9693.0,0.16052375737276262,85,9693.0
1470.0,60,4318.0,36.9059829059829,3.0679530510333586,60,8813.0,0.2076933213770855,60,8813.0
1475.0,56,4549.0,38.226890756302524,4.282815435679762,56,8404.0,0.2715666320236073,56,8404.0
1480.0,56,4829.0,39.90909090909091,5.487437262366549,56,7888.0,0.2908657548521457,56,7888.0
1485.0,56,4424.0,35.67741935483871,5.831280505363507,56,8131.0,0.24199618540366494,56,8131.0
1490.0,34,1513.0,12.007936507936508,6.673314311122754,34,5303.0,0.30892602630164007,34,5303.0
1495.0,15,378.0,2.953125,7.85684388192684,15,3926.0,0.4103044154609797,15,3926.0
1500.0,26,324.0,2.4732824427480917,7.932185018805945,26,4025.0,0.36132984034727955,26,4025.0
1505.0,45,384.0,2.931297709923664,7.495746254457157,45,4025.0,0.2733424567061928,45,4025.0
1510.0,54,613.0,4.574626865671642,7.4191069778827945,54,4290.0,0.2638214559115625,54,4290.0
1515.0,52,819.0,6.022058823529412,7.7168387669257505,52,4484.0,0.3033663657270635,52,4484.0
1520.0,53,1082.0,7.784172661870503,7.891937313978259,53,4724.0,0.31149960400487364,53,4724.0
1525.0,54,1351.0,9.789855072463768,7.773113941704084,54,4992.0,0.2969178218594562,54,4992.0
1530.0,57,1632.0,12.0,7.533764908015779,57,5273.0,0.28596519806478515,57,5273.0
1535.0,61,1930.0,14.96124031007752,6.741266702342055,61,5571.0,0.24883679039889664,61,5571.0
1540.0,65,2245.0,17.96,6.279726327777376,65,5887.0,0.2560099468525033,65,5887.0
1545.0,65,2570.0,21.239669421487605,5.755833425193893,65,6212.0,0.2631942076133399,65,6212.0
1550.0,68,2907.0,24.428571428571427,5.603797520578992,68,6549.0,0.2682698811848338,68,6549.0
1555.0,69,3249.0,29.27027027027027,4.954490707883773,69,6891.0,0.2668699607315721,69,6891.0
1560.0,71,3596.0,31.82300884955752,4.785825915719062,71,7238.0,0.293576071517819,71,7238.0
1565.0,73,3953.0,34.982300884955755,4.633139938659525,73,7595.0,0.2876129519724365,73,7595.0
1570.0,76,4326.0,38.283185840707965,4.2251798385934,76,7968.0,0.2617543395876202,76,7968.0
1575.0,73,4161.0,36.5,4.195219250866222,73,8235.0,0.26552861768868186,73,8235.0
1580.0,60,3980.0,35.85585585585586,4.214152896454567,60,7669.0,0.29111601964016853,60,7669.0
1585.0,62,3765.0,33.026315789473685,4.078794705686181,62,7977.0,0.2583218778774366,62,7977.0
1590.0,39,1462.0,12.60344827586207,4.889854105724148,39,5874.0,0.3001229503454087,39,5874.0
1595.0,20,444.0,3.76271186440678,6.290962249254033,20,4369.0,0.37035113719077023,20,4369.0
1600.0,27,267.0,2.225,6.8204100673593215,27,4480.0,0.3685930807259358,27,4480.0
1605.0,43,393.0,3.1951219512195124,6.397309603912946,43,4402.0,0.29783731589784046,43,4402.0
1610.0,55,588.0,4.741935483870968,6.303375536369377,55,4670.0,0.27679242484148836,55,4670.0
1615.0,33,515.0,4.087301587301587,6.582363598592776,33,3152.0,0.3062842789313575,33,3152.0
1620.0,24,543.0,4.176923076923077,7.492630623557151,24,2305.0,0.36895022562745705,24,2305.0
1625.0,24,650.0,4.887218045112782,8.82824498780223,24,1310.0,0.45141101255591637,24,1310.0
1630.0,24,770.0,5.62043795620438,10.077894137373018,24,1026.0,0.5123404093681706,24,1026.0
1635.0,24,890.0,6.357142857142857,10.681781738659359,24,1032.0,0.536387780698461,24,1032.0
1640.0,26,1017.0,7.423357664233577,10.29165592856864,26,1145.0,0.4413790537455765,26,1145.0
1645.0,31,1162.0,8.870229007633588,9.962808003649883,31,1284.0,0.4078571522260554,31,1284.0
1650.0,25,917.0,7.108527131782946,10.093366359570478,25,1430.0,0.42565142025421787,25,1430.0
1655.0,4,75.0,0.6097560975609756,10.145065527265858,4,619.0,0.5419549800829624,4,619.0
1660.0,11,94.0,0.752,10.445260348360529,11,653.0,0.5625430101321351,11,653.0
1665.0,24,190.0,1.507936507936508,10.31563253625289,24,749.0,0.517610592974446,24,749.0
1670.0,26,320.0,2.5806451612903225,10.371621282811345,26,879.0,0.5339464814258094,26,879.0
1675.0,28,453.0,3.80672268907563,9.749248235508976,28,1012.0,0.4949341612330858,28,1012.0
1680.0,31,602.0,5.234782608695652,9.384180520784744,31,1161.0,0.467762796452434,31,1161.0
1685.0,34,766.0,7.509803921568627,8.529855877312498,34,1325.0,0.4453068672662174,34,1325.0
1690.0,36,942.0,10.02127659574468,7.9633914826860925,36,1501.0,0.43424718511025084,36,1501.0
1695.0,36,1122.0,12.75,7.368568546159408,36,1681.0,0.4243465325344613,36,1681.0
1700.0,39,1313.0,15.091954022988507,7.206260408414199,39,1872.0,0.41193199596820707,39,1872.0
1705.0,40,1509.0,17.964285714285715,6.881187008146505,40,2068.0,0.39463312724185473,40,2068.0
1710.0,39,1637.0,18.816091954022987,6.66843197180582,39,2270.0,0.3786965551680326,39,2270.0
1715.0,39,1803.0,21.464285714285715,6.204058567933872,39,2362.0,0.36827560307099466,39,2362.0
1720.0,41,2006.0,25.39240506329114,5.789466632277979,41,2565.0,0.33727504815751574,41,2565.0
1725.0,37,1816.0,22.7,5.599651429895121,37,2768.0,0.30875555837351676,37,2768.0
1730.0,13,600.0,7.5,6.449576910811655,13,1768.0,0.3888708321720163,13,1768.0
1735.0,10,577.0,7.036585365853658,7.703561699159613,10,1356.0,0.4758898052579974,10,1356.0
1740.0,13,636.0,7.571428571428571,9.154230890739655,13,739.0,0.5447488144697513,13,739.0
1745.0,14,649.0,7.459770114942529,9.46377223829859,14,780.0,0.4509410260199945,14,780.0
1750.0,15,705.0,8.10344827586207,9.997953587602984,15,786.0,0.49469825815816426,15,786.0
1755.0,16,785.0,8.820224719101123,10.414279253053598,16,856.0,0.5173695190423278,16,856.0
1760.0,17,866.0,9.622222222222222,10.71760946852721,17,937.0,0.5167845499519534,17,937.0
1765.0,17,951.0,10.45054945054945,10.825038631579963,17,1022.0,0.5178954901077609,17,1022.0
1770.0,18,1038.0,11.406593406593407,10.821500098834466,18,1109.0,0.5342453117460992,18,1109.0
1775.0,18,1128.0,12.533333333333333,10.62440411049485,18,1199.0,0.5203782227128662,18,1199.0
1780.0,20,1225.0,13.03191489361702,10.48461068339259,20,1296.0,0.5456574740527135,20,1296.0
1785.0,21,1327.0,14.582417582417582,10.24377349608917,21,1398.0,0.5273581735937862,21,1398.0
1790.0,23,1436.0,16.134831460674157,9.835946662104309,23,1507.0,0.5149763985433664,23,1507.0
1795.0,23,1551.0,19.14814814814815,9.357673415424001,23,1622.0,0.5276269778708393,23,1622.0
1800.0,23,1666.0,21.92105263157895,8.816881300614329,23,1737.0,0.5130801367758259,23,1737.0
1805.0,24,1786.0,24.465753424657535,8.487601278915779,24,1857.0,0.502236942277579,24,1857.0
1810.0,26,1913.0,27.72463768115942,8.07786972164247,26,1984.0,0.48022585630471776,26,1984.0
1815.0,28,2048.0,31.03030303030303,7.767450793794848,28,2119.0,0.46800492189253445,28,2119.0
1820.0,28,2188.0,32.1764705882353,7.67186927198346,28,2259.0,0.47242917244934635,28,2259.0
1825.0,29,2331.0,35.31818181818182,7.3707292335461805,29,2402.0,0.46810927633919713,29,2402.0
1830.0,31,2479.0,37.56060606060606,6.874225974477376,31,2550.0,0.4228278108488234,31,2550.0
1835.0,33,2641.0,38.27536231884058,6.733714469970311,33,2712.0,0.41536829149355603,33,2712.0
1840.0,36,2814.0,40.2,6.4460027184654605,36,2885.0,0.37987752621551896,36,2885.0
1845.0,37,2995.0,42.785714285714285,6.104320715940946,37,3066.0,0.36705608572113946,37,3066.0
1850.0,38,3185.0,44.236111111111114,6.047530268373805,38,3256.0,0.33799084218152586,38,3256.0
1855.0,40,3382.0,47.63380281690141,5.7313843532128015,40,3453.0,0.3069930371691036,40,3453.0
1860.0,42,3586.0,50.50704225352113,5.4810377845056735,42,3657.0,0.29171091785505704,42,3657.0
1865.0,42,3796.0,53.46478873239437,5.517820280458582,42,3867.0,0.27047187675056183,42,3867.0
1870.0,43,4007.0,56.436619718309856,5.152560133627677,43,4078.0,0.2533039438740135,43,4078.0
1875.0,44,4226.0,59.521126760563384,5.00525886369547,44,4297.0,0.23767506831961585,44,4297.0
1880.0,44,4446.0,61.75,4.909325029762168,44,4517.0,0.24856804223097212,44,4517.0
1885.0,46,4672.0,64.0,4.823348358079439,46,4743.0,0.21632596626669545,46,4743.0
1890.0,47,4905.0,67.1917808219178,4.668584946581066,47,4976.0,0.2008712011335037,47,4976.0
1895.0,48,5143.0,68.57333333333334,4.4155949337896425,48,5214.0,0.2141168746359643,48,5214.0
1900.0,50,5390.0,69.1025641025641,4.651316264172791,50,5461.0,0.24827499736662037,50,5461.0
1905.0,50,5640.0,70.5,4.590856170516398,50,5711.0,0.24825339665166052,50,5711.0
1910.0,51,5895.0,72.77777777777777,4.819105943981138,51,5966.0,0.2815421932028388,51,5966.0
1915.0,51,6150.0,75.92592592592592,4.763387040322565,51,6221.0,0.27279426679572716,51,6221.0
1920.0,52,6410.0,76.30952380952381,5.004426254634689,52,6481.0,0.2939224299963644,52,6481.0
1925.0,52,6670.0,82.34567901234568,4.772440760334486,52,6741.0,0.2912066262247704,52,6741.0
1930.0,52,6930.0,84.51219512195122,4.713614239335247,52,7001.0,0.28644867365662063,52,7001.0
1935.0,53,7192.0,87.70731707317073,4.498051994044858,53,7263.0,0.27778798716210273,53,7263.0
1940.0,55,7465.0,87.82352941176471,4.643732905504841,55,7536.0,0.2834343703239785,55,7536.0
1945.0,55,7740.0,90.0,4.7255648354394015,55,7811.0,0.29961990599621297,55,7811.0
1950.0,58,8018.0,93.23255813953489,4.247076007072504,58,8089.0,0.26405032484695995,58,8089.0
1955.0,59,8310.0,91.31868131868131,4.373472851523024,59,8381.0,0.27836602822564144,59,8381.0
1960.0,61,8612.0,95.68888888888888,4.164378709612531,61,8683.0,0.2548495072057601,61,8683.0
1965.0,62,8919.0,98.01098901098901,3.9658764150839425,62,8990.0,0.2321960914370199,62,8990.0
1970.0,63,9234.0,97.2,4.1613258469140195,63,9305.0,0.24611861832380552,63,9305.0
1975.0,65,9554.0,96.5050505050505,4.211852571200804,65,9625.0,0.2510281751525601,65,9625.0
1980.0,68,9889.0,99.88888888888889,4.129885802109646,68,9960.0,0.25352513011683425,68,9960.0
1985.0,68,10229.0,102.29,4.191808096179887,68,10300.0,0.2596930604493238,68,10300.0
1990.0,69,10571.0,103.63725490196079,4.210051148441337,69,10642.0,0.26059058891654546,69,10642.0
1995.0,69,10916.0,104.96153846153847,4.419844350441514,69,10987.0,0.276814426382839,69,10987.0
2000.0,69,11261.0,106.23584905660377,4.513777351134348,69,11332.0,0.2693573175799781,69,11332.0
2005.0,70,11611.0,109.5377358490566,4.419248120715905,70,11682.0,0.24722446533874498,70,11682.0
2010.0,71,11963.0,110.76851851851852,4.415583306164877,71,12034.0,0.2515871440649347,71,12034.0
2015.0,73,12324.0,113.06422018348624,4.407891484793623,73,12395.0,0.23257376079768535,73,12395.0
2020.0,73,12689.0,119.70754716981132,4.122679870688129,73,12760.0,0.22363911602418893,73,12760.0
2025.0,74,13057.0,119.78899082568807,4.183546825795954,74,13128.0,0.2136453703131503,74,13128.0
2030.0,75,13429.0,124.3425925925926,3.911698516842289,75,13500.0,0.18560308041179832,75,13500.0
2035.0,79,13814.0,126.73394495412845,3.675524340616482,79,13885.0,0.15522642194923594,79,13885.0
2040.0,80,14211.0,129.1909090909091,3.612246272745845,80,14282.0,0.15133797834561957,80,14282.0
2045.0,80,14611.0,132.8272727272727,3.520604066552218,80,14682.0,0.1450035298281901,80,14682.0
2050.0,82,15018.0,135.2972972972973,3.38890184425615,82,15089.0,0.12587240807872413,82,15089.0
2055.0,83,15430.0,137.76785714285714,3.457895191338185,83,15501.0,0.12989064591158264,83,15501.0
2060.0,84,15846.0,141.48214285714286,3.1768644346345702,84,15917.0,0.13347153577155332,84,15917.0
2065.0,85,16271.0,145.27678571428572,3.229605505101902,85,16342.0,0.1364852399836467,85,16342.0
2070.0,85,16696.0,146.4561403508772,3.316759643065777,85,16767.0,0.16348019333747327,85,16767.0
2075.0,85,17121.0,151.5132743362832,3.2599400060718695,85,17192.0,0.1575258782356095,85,17192.0
2080.0,86,17550.0,161.0091743119266,2.7099289087457623,86,17621.0,0.15127780888422873,86,17621.0
2085.0,87,17985.0,166.52777777777777,2.627925187513097,87,18056.0,0.13531299370059868,87,18056.0
2090.0,87,18420.0,168.9908256880734,2.710582578418628,87,18491.0,0.13314933239238697,87,18491.0
2095.0,87,18855.0,172.9816513761468,2.664694925687262,87,18926.0,0.13084980261702153,87,18926.0
2100.0,88,19293.0,178.63888888888889,2.504792121898265,88,19364.0,0.11764655559327135,88,19364.0
2105.0,88,19733.0,181.03669724770643,2.5529653693785277,88,19804.0,0.12488824404430812,88,19804.0
2110.0,88,20173.0,181.73873873873873,2.7599630545102927,88,20244.0,0.1325432259098179,88,20244.0
2115.0,88,20613.0,179.24347826086955,2.90637783357132,88,20684.0,0.13947203024468618,88,20684.0
2120.0,89,21057.0,179.97435897435898,3.080512621608922,89,21128.0,0.15956117030588193,89,21128.0
2125.0,89,21502.0,173.40322580645162,3.603351871458746,89,21573.0,0.1977236617090308,89,21573.0
2130.0,90,21949.0,175.592,3.61958455409469,90,22020.0,0.18379255512865153,90,22020.0
2135.0,91,22404.0,173.67441860465115,3.8351700259581123,91,22475.0,0.20466829886972066,91,22475.0
2140.0,91,22859.0,174.49618320610688,4.052625225447158,91,22930.0,0.22092474175849672,91,22930.0
2145.0,91,23314.0,180.72868217054264,3.977491374630727,91,23385.0,0.21770826703469892,91,23385.0
2150.0,91,23769.0,182.83846153846153,4.01509357637653,91,23840.0,0.2332031419555076,91,23840.0
2155.0,91,24224.0,186.33846153846153,3.9953883902528657,91,24295.0,0.23175803772868983,91,24295.0
2160.0,92,24683.0,194.35433070866142,3.730444628767046,92,24754.0,0.2225406247060695,92,24754.0
2165.0,93,25144.0,199.55555555555554,3.378893337824646,93,25215.0,0.2053563010975491,93,25215.0
2170.0,95,25614.0,203.28571428571428,2.967423274252603,95,25685.0,0.16220259217868485,95,25685.0
2175.0,96,26094.0,203.859375,2.870249972020093,96,26165.0,0.15092511458600266,96,26165.0
2180.0,100,26588.0,206.10852713178295,2.7989465013504624,100,26659.0,0.13117940442212733,100,26659.0
2185.0,95,24440.0,186.5648854961832,2.621027769790223,95,26658.0,0.1217998988534756,95,26658.0
2190.0,71,14329.0,109.38167938931298,2.8774428170876654,71,22347.0,0.13883490313040261,71,22347.0
2195.0,50,9538.0,72.80916030534351,3.8913217986576627,50,20293.0,0.19579583780629967,50,20293.0
2200.0,31,8137.0,60.27407407407407,5.703739524249093,31,15995.0,0.28884977449732646,31,15995.0
2205.0,40,8264.0,61.214814814814815,6.248507912608565,40,15916.0,0.27428117199694146,40,15916.0
2210.0,56,8496.0,62.01459854014598,5.90336489541401,56,16099.0,0.21084727218055038,56,16099.0
2215.0,72,7670.0,55.57971014492754,5.867144923799008,72,16440.0,0.19611742900525317,72,16440.0
2220.0,64,3911.0,28.136690647482013,6.157262836388966,64,14490.0,0.22025906599860048,64,14490.0
2225.0,60,3757.0,26.645390070921987,6.491125435223476,60,13856.0,0.24383475695440607,60,13856.0
2230.0,61,4031.0,28.588652482269502,6.6883573092803,61,12554.0,0.23530474171581875,61,12554.0
2235.0,62,4340.0,31.223021582733814,6.873611259294333,62,12037.0,0.23499313384536988,62,12037.0
2240.0,64,4655.0,33.731884057971016,6.7573827938579765,64,12284.0,0.20465330450405841,64,12284.0
2245.0,67,4985.0,36.1231884057971,6.745950270580186,67,12588.0,0.19994729425740507,67,12588.0
2250.0,68,5324.0,40.333333333333336,6.294720281964722,68,12927.0,0.1952715824012572,68,12927.0
2255.0,70,5670.0,44.645669291338585,5.708965926886355,70,13273.0,0.16389502139438086,70,13273.0
2260.0,74,6031.0,50.680672268907564,4.941654193296496,74,13634.0,0.1545498773918549,74,13634.0
2265.0,75,6403.0,56.166666666666664,4.400303492908698,75,14006.0,0.14856908729728874,75,14006.0
2270.0,75,6778.0,61.06306306306306,4.007557754762821,75,14381.0,0.14879396641466833,75,14381.0
2275.0,78,7162.0,64.52252252252252,3.9322870133098817,78,14765.0,0.15384322377606824,78,14765.0
2280.0,79,7554.0,68.05405405405405,3.5941234299532003,79,15157.0,0.1542822158990493,79,15157.0
2285.0,81,7956.0,71.67567567567568,3.495076445258689,81,15559.0,0.16546958099550335,81,15559.0
2290.0,81,8361.0,76.70642201834862,3.301493529009834,81,15964.0,0.18759869226714102,81,15964.0
2295.0,82,8768.0,79.7090909090909,3.1274792159971323,82,16371.0,0.183683089418591,82,16371.0
2300.0,84,9184.0,83.49090909090908,3.06932726875056,84,16787.0,0.19363754859640453,84,16787.0
2305.0,84,9604.0,88.11009174311927,2.9089473206671017,84,17207.0,0.19469922946238338,84,17207.0
2310.0,86,10030.0,92.87037037037037,2.7142534660129485,86,17633.0,0.19065110261464277,86,17633.0
2315.0,86,10460.0,93.39285714285714,3.0752693974427823,86,18063.0,0.21486700907658582,86,18063.0
2320.0,86,10890.0,96.3716814159292,3.0376188957237154,86,18493.0,0.21175470048987902,86,18493.0
2325.0,89,11326.0,99.35087719298245,2.8033823857149174,89,18929.0,0.19414091963055588,89,18929.0
2330.0,91,11778.0,100.66666666666667,2.649934533135839,91,19381.0,0.18182428336943074,91,19381.0
2335.0,94,12246.0,104.66666666666667,2.5091702319937195,94,19849.0,0.17166105110547455,94,19849.0
2340.0,97,12726.0,108.76923076923077,2.140935058696544,97,20329.0,0.14423287070984261,97,20329.0
2345.0,99,13220.0,112.03389830508475,1.996529648461117,99,20823.0,0.13373102655903976,99,20823.0
2350.0,101,13723.0,116.29661016949153,1.8489487609668083,101,21326.0,0.13045889590313597,101,21326.0
2355.0,104,14236.0,119.63025210084034,1.5081492651155126,104,21839.0,0.1052615961145964,104,21839.0
2360.0,107,14766.0,124.08403361344538,1.2075097955569316,107,22369.0,0.08475393792020358,107,22369.0
2365.0,110,15310.0,128.65546218487395,0.8780804319084436,110,22913.0,0.06257564658598505,110,22913.0
2370.0,112,15867.0,132.225,0.8935962054433872,112,23470.0,0.06351730799757298,112,23470.0
2375.0,112,16427.0,134.64754098360655,0.9454379417558395,112,24030.0,0.06836778593276384,112,24030.0
2380.0,115,16996.0,139.31147540983608,0.7764604155897855,115,24599.0,0.05589553662842568,115,24599.0
2385.0,116,17573.0,142.869918699187,0.769947586458963,116,25176.0,0.055693622703249776,116,25176.0
2390.0,110,17025.0,136.2,0.9856519615032394,110,25750.0,0.07053881673580396,110,25750.0
2395.0,80,11943.0,94.03937007874016,1.7875909147356328,80,20737.0,0.11002573895121318,80,20737.0
2400.0,56,8794.0,68.703125,2.989165345154573,56,17683.0,0.157846819428256,56,17683.0
2405.0,42,8012.0,62.59375,4.749676698791873,42,14296.0,0.22453453860880393,42,14296.0
2410.0,46,7022.0,54.859375,5.481811220612885,46,13628.0,0.2115951131166278,46,13628.0
2415.0,58,4323.0,33.51162790697674,5.060433897120332,58,11576.0,0.14207968507390933,58,11576.0
2420.0,72,3984.0,30.181818181818183,5.0693465227824195,72,11908.0,0.13296028065770002,72,11908.0
2425.0,81,4372.0,33.121212121212125,5.014747439609037,81,12296.0,0.11616626333772867,81,12296.0
2430.0,76,4652.0,34.97744360902256,5.056053268361582,76,12698.0,0.11884046058707702,76,12698.0
2435.0,51,4465.0,33.57142857142857,5.534296779157393,51,10380.0,0.1513351429560789,51,10380.0
2440.0,40,4502.0,33.849624060150376,6.5266272376795325,40,9228.0,0.20614574986863016,40,9228.0
2445.0,45,3468.0,26.075187969924812,6.582129633736982,45,9446.0,0.14104358182995635,45,9446.0
2450.0,35,417.0,3.111940298507463,6.970620823859133,35,7256.0,0.1502986942515118,35,7256.0
2455.0,35,411.0,3.0902255639097747,7.226553648465837,35,7425.0,0.16739414579658396,35,7425.0
2460.0,49,460.0,3.6507936507936507,7.068845991334984,49,6082.0,0.18173757177444747,49,6082.0
2465.0,47,578.0,5.0701754385964914,6.711586038417484,47,6216.0,0.1796354013185162,47,6216.0
2470.0,31,359.0,3.324074074074074,6.872165446414514,31,5022.0,0.20781032174485833,31,5022.0
2475.0,28,393.0,3.6728971962616823,7.3008291089397375,28,5176.0,0.22652540972381482,28,5176.0
2480.0,20,119.0,1.1226415094339623,7.949810777452155,20,3757.0,0.27719049085486214,20,3757.0
2485.0,28,199.0,1.8952380952380952,8.316575798216983,28,3877.0,0.2555716624271976,28,3877.0
2490.0,34,323.0,3.047169811320755,8.656199525775774,34,3095.0,0.2532969399651149,34,3095.0
2495.0,31,409.0,4.009803921568627,8.702816902822963,31,3262.0,0.25390260602039183,31,3262.0
2500.0,19,289.0,3.074468085106383,8.912080442666438,19,2331.0,0.34753211213666846,19,2331.0
2505.0,17,256.0,2.782608695652174,9.107881239950753,17,2281.0,0.3716332545774888,17,2281.0
2510.0,11,59.0,0.6704545454545454,9.11529463624862,11,1197.0,0.4102291643776957,11,1197.0
2515.0,18,115.0,1.369047619047619,8.716875634321159,18,1273.0,0.2959996042663921,18,1273.0
2520.0,24,228.0,2.7804878048780486,9.074987705331441,24,1028.0,0.30595580499632125,24,1028.0
2525.0,20,262.0,3.1566265060240966,9.190539314786426,20,1144.0,0.33356152874046335,20,1144.0
2530.0,13,207.0,2.4939759036144578,9.761126779273416,13,596.0,0.4780403190407676,13,596.0
2535.0,10,145.0,1.8831168831168832,9.828746258485877,10,659.0,0.4828882070251525,10,659.0
2540.0,6,77.0,1.0266666666666666,10.624080155383153,6,148.0,0.6777930696394554,6,148.0
2545.0,8,113.0,1.6142857142857143,10.955541192819476,8,184.0,0.6465854631841563,8,184.0
2550.0,8,153.0,2.25,11.406922890520766,8,224.0,0.6528934002235796,8,224.0
2555.0,10,198.0,3.09375,11.338009165233707,10,269.0,0.6122814740714481,10,269.0
2560.0,10,248.0,3.9365079365079363,11.384766321288401,10,319.0,0.6232888594333386,10,319.0
2565.0,10,298.0,5.0508474576271185,11.20933126289013,10,369.0,0.6165302868975886,10,369.0
2570.0,9,243.0,4.584905660377358,10.155210927340248,9,420.0,0.5048975984979397,9,420.0
2575.0,10,257.0,5.244897959183674,9.716848062999148,10,279.0,0.47926449654010034,10,279.0
2580.0,10,300.0,6.25,9.12443892932162,10,338.0,0.3599809226773074,10,338.0
2585.0,10,330.0,7.173913043478261,9.123039599415115,10,362.0,0.34583001518301704,10,362.0
2590.0,8,196.0,4.355555555555555,9.10089084124827,8,345.0,0.3393758732284876,8,345.0
2595.0,5,192.0,4.682926829268292,9.544156241055452,5,201.0,0.5216503550830153,5,201.0
2600.0,7,209.0,5.358974358974359,9.312837240798695,7,229.0,0.4435775894150218,7,229.0
2605.0,7,242.0,6.368421052631579,10.188966669133917,7,243.0,0.5114748155159066,7,243.0
2610.0,4,215.0,5.657894736842105,10.795703642970452,4,275.0,0.5420034827079476,4,275.0
2615.0,2,204.0,5.230769230769231,11.664153828526292,2,215.0,0.7735560034004777,2,215.0
2620.0,3,216.0,5.538461538461538,11.970495298117376,3,227.0,0.7765380222241103,3,227.0
2625.0,3,231.0,5.923076923076923,12.306070866529263,3,242.0,0.7875362802267437,3,242.0
2630.0,3,236.0,6.051282051282051,12.111386645174548,3,258.0,0.744113133657618,3,258.0
2635.0,3,251.0,6.972222222222222,11.96575299399802,3,251.0,0.7750604307507573,3,251.0
2640.0,3,266.0,7.1891891891891895,11.531034525981653,3,266.0,0.7220340205164516,3,266.0
2645.0,4,286.0,7.72972972972973,11.449159789169032,4,286.0,0.6824619799837572,4,286.0
2650.0,5,302.0,8.38888888888889,11.091186232223507,5,311.0,0.6312593316246996,5,311.0
2655.0,5,327.0,9.909090909090908,10.315398780224616,5,327.0,0.6421681356845566,5,327.0
2660.0,6,346.0,12.814814814814815,9.302491258313335,6,346.0,0.6000044267519757,6,346.0
2665.0,9,382.0,14.692307692307692,8.25695786256705,9,382.0,0.46325651071466256,9,382.0
2670.0,5,339.0,13.038461538461538,7.393970294818155,5,423.0,0.41001729329437786,5,423.0
2675.0,5,351.0,14.625,8.06605984655462,5,358.0,0.5391250303091317,5,358.0
2680.0,4,358.0,14.916666666666666,8.686555570458573,4,383.0,0.49605372841052325,4,383.0
2685.0,5,382.0,15.916666666666666,9.584713181568917,5,389.0,0.5700033312689456,5,389.0
2690.0,5,407.0,17.695652173913043,10.253335125146256,5,414.0,0.5753927563969027,5,414.0
2695.0,5,432.0,18.0,10.661126772993578,5,439.0,0.5968665578780075,5,439.0
2700.0,6,458.0,19.91304347826087,10.185624624407865,6,465.0,0.49012760344715,6,465.0
2705.0,3,431.0,17.24,10.380502222235805,3,492.0,0.554310218457697,3,492.0
2710.0,3,446.0,17.153846153846153,10.781262812199456,3,446.0,0.7276164578163452,3,446.0
2715.0,3,461.0,17.074074074074073,11.490756445961908,3,461.0,0.7551963484190867,3,461.0
2720.0,3,476.0,17.62962962962963,11.463759905358076,3,476.0,0.6786894766565987,3,476.0
2725.0,4,496.0,18.37037037037037,11.06336345672642,4,496.0,0.6074800280105765,4,496.0
2730.0,5,521.0,20.03846153846154,10.804770503517364,5,521.0,0.605573428606314,5,521.0
2735.0,5,546.0,23.73913043478261,10.384469564783522,5,546.0,0.6036198636679923,5,546.0
2740.0,5,571.0,24.82608695652174,10.283258949174646,5,571.0,0.6128970696784384,5,571.0
2745.0,6,597.0,27.136363636363637,9.371208136844649,6,597.0,0.5492224950640306,6,597.0
2750.0,7,629.0,29.952380952380953,9.06881569296693,7,629.0,0.5231317485188708,7,629.0
2755.0,6,653.0,28.391304347826086,8.72119074361997,6,663.0,0.5492522857893521,6,663.0
2760.0,5,671.0,26.84,9.379002412948147,5,671.0,0.6607283910823699,5,671.0
2765.0,3,333.0,12.333333333333334,9.051635689109375,3,694.0,0.6083503079439495,3,694.0
2770.0,3,58.0,2.230769230769231,9.131129753778692,3,99.0,0.6564573881625853,3,99.0
2775.0,4,71.0,2.9583333333333335,8.872371781047292,4,124.0,0.5955177379390831,4,124.0
2780.0,4,85.0,3.5416666666666665,9.530596309683121,4,131.0,0.6799980652837329,4,131.0
2785.0,4,105.0,4.038461538461538,10.150007238440715,4,146.0,0.7223619832018933,4,146.0
2790.0,4,125.0,4.62962962962963,10.539749773910613,4,166.0,0.7263486057213507,4,166.0
2795.0,5,149.0,5.137931034482759,10.558938243467184,5,190.0,0.7201188799985299,5,190.0
2800.0,3,131.0,4.366666666666666,10.346850487860308,3,215.0,0.6974414572409708,3,215.0
2805.0,3,146.0,4.709677419354839,10.884768464967964,3,187.0,0.8285004410182826,3,187.0
2810.0,2,71.0,2.2903225806451615,11.223506825117417,2,201.0,0.8278258460658188,2,201.0
2815.0,2,81.0,2.7,11.131468161796798,2,122.0,0.8122482123987562,2,122.0
2820.0,3,94.0,3.1333333333333333,10.304207766566048,3,140.0,0.6412185776866124,3,140.0
2825.0,3,109.0,3.892857142857143,9.991726151024467,3,150.0,0.6638278226120379,3,150.0
2830.0,5,132.0,4.551724137931035,10.113304266534042,5,173.0,0.6636489733973904,5,173.0
2835.0,5,157.0,5.413793103448276,10.569464172172461,5,198.0,0.6720474245967203,5,198.0
2840.0,5,182.0,6.275862068965517,10.63677278947274,5,223.0,0.7006883527599005,5,223.0
2845.0,6,208.0,7.172413793103448,10.23889490620737,6,249.0,0.6289880713909513,6,249.0
2850.0,4,199.0,6.862068965517241,9.865069933924305,4,277.0,0.609846457920824,4,277.0
2855.0,3,190.0,6.129032258064516,10.037683227484465,3,231.0,0.6898367441454222,3,231.0
2860.0,3,205.0,6.833333333333333,10.361730327633513,3,249.0,0.6842454106960444,3,249.0
2865.0,3,220.0,7.096774193548387,11.011947985830155,3,261.0,0.7362633175123535,3,261.0
2870.0,3,235.0,8.10344827586207,11.323358900734194,3,276.0,0.7522148006007794,3,276.0
2875.0,3,250.0,8.333333333333334,11.443799820148604,3,291.0,0.7570433969213266,3,291.0
2880.0,3,265.0,9.137931034482758,11.560896323489656,3,306.0,0.766926998686675,3,306.0
2885.0,3,280.0,10.0,11.002656427399378,3,321.0,0.7063153647056389,3,321.0
2890.0,5,301.0,10.75,10.192841750330837,5,342.0,0.609858994628206,5,342.0
2895.0,6,331.0,12.25925925925926,9.823733178958664,6,372.0,0.5434390081498424,6,372.0
2900.0,7,366.0,12.620689655172415,9.829681478582529,7,407.0,0.5288453363126567,7,407.0
2905.0,7,401.0,14.851851851851851,9.873360428109617,7,442.0,0.5514193614340781,7,442.0
2910.0,7,436.0,16.14814814814815,9.495489979942668,7,477.0,0.49454254952133403,7,477.0
2915.0,9,477.0,19.08,8.714238463276011,9,518.0,0.39229249261596294,9,518.0
2920.0,5,417.0,16.68,8.630157302081793,5,559.0,0.46331089350410704,5,559.0
2925.0,4,430.0,19.545454545454547,9.128568472064407,4,471.0,0.6569087266317536,4,471.0
2930.0,3,346.0,16.476190476190474,9.864778668282458,3,490.0,0.6588000692734464,3,490.0
2935.0,2,321.0,14.590909090909092,10.932796750237031,2,362.0,0.7655549590262936,2,362.0
2940.0,3,335.0,15.227272727272727,10.60100444263274,3,376.0,0.6316073571185095,3,376.0
2945.0,4,355.0,16.136363636363637,10.826661268378245,4,396.0,0.5778871465331707,4,396.0
2950.0,3,26.0,1.1818181818181819,9.888515630345026,3,416.0,0.4281188387697692,3,416.0
2955.0,4,45.0,1.9565217391304348,10.155007724498036,4,45.0,0.5778361075596632,4,45.0
2960.0,4,65.0,2.9545454545454546,10.05591164715513,4,65.0,0.5750430140335401,4,65.0
2965.0,5,87.0,4.142857142857143,9.96247315091995,5,87.0,0.5366361709634889,5,87.0
2970.0,4,93.0,4.2272727272727275,10.228846772083132,4,111.0,0.5544157155587469,4,111.0
2975.0,4,113.0,5.136363636363637,10.632478210334144,4,113.0,0.5879575124326463,4,113.0
2980.0,1,17.0,0.7727272727272727,10.932139389391423,1,130.0,0.608295276725763,1,130.0
2985.0,1,22.0,1.0,11.545911007939695,1,22.0,0.8316830964297562,1,22.0
2990.0,2,29.0,1.6111111111111112,11.377198941235525,2,29.0,0.7037156641642831,2,29.0
2995.0,3,40.0,2.2222222222222223,11.205076971876625,3,40.0,0.5867405921904222,3,40.0
3000.0,1,6.0,0.35294117647058826,11.69199857587269,1,53.0,0.664784304728917,1,53.0
3005.0,1,11.0,0.6875,11.401188438298295,1,11.0,0.7445499410473319,1,11.0
3010.0,2,20.0,1.1111111111111112,10.217488902282511,2,20.0,0.5819694922994755,2,20.0
3015.0,2,30.0,1.7647058823529411,11.122007225244449,2,30.0,0.7043009872655102,2,30.0
3020.0,2,40.0,2.5,11.003535431166792,2,40.0,0.6101235762638809,2,40.0
3025.0,3,53.0,3.1176470588235294,11.069925891226639,3,53.0,0.5949273167266583,3,53.0
3030.0,3,68.0,4.0,11.533116557706878,3,68.0,0.6157271778050595,3,68.0
3035.0,3,83.0,5.533333333333333,11.141478226948916,3,83.0,0.6132459546596836,3,83.0
3040.0,3,98.0,7.0,10.789598439230843,3,98.0,0.6123508714221926,3,98.0
3045.0,3,113.0,7.533333333333333,10.777842466233272,3,113.0,0.5863089907575446,3,113.0
3050.0,1,28.0,2.1538461538461537,10.776383986625294,1,126.0,0.6237270949991145,1,126.0
3055.0,1,3.0,0.23076923076923078,10.598707227438394,1,3.0,0.7908765847518386,1,3.0
3060.0,0,0.0,0.0,11.52722216169077,0,7.0,0.7959534521683824,0,7.0
3065.0,0,0.0,0.0,10.914380623524327,0,0.0,0.6666668405979872,0,0.0
3070.0,2,8.0,0.6153846153846154,10.782601617500347,2,8.0,0.6209209020611821,2,8.0
3075.0,3,19.0,1.5833333333333333,9.941762019877606,3,19.0,0.48831411916621215,3,19.0
3080.0,3,34.0,2.8333333333333335,10.000022232571439,3,34.0,0.5502204065278111,3,34.0
3085.0,3,49.0,4.083333333333333,10.035632625515175,3,49.0,0.5557359764051758,3,49.0
3090.0,3,64.0,5.333333333333333,10.161346882632147,3,64.0,0.5656205520689143,3,64.0
3095.0,3,79.0,6.076923076923077,10.304648938563714,3,79.0,0.612972126327936,3,79.0
3100.0,3,94.0,6.714285714285714,10.210961754637085,3,94.0,0.6880891985167585,3,94.0
3105.0,4,111.0,7.4,9.242506713886014,4,111.0,0.594238817413721,4,111.0
3110.0,2,51.0,3.1875,9.819776833374135,2,129.0,0.6641971967815067,2,129.0
3115.0,1,49.0,3.0625,10.176618598566938,1,49.0,0.8686113224713263,1,49.0
3120.0,1,54.0,3.375,10.937586825227596,1,54.0,0.8829675698282603,1,54.0
3125.0,1,59.0,3.6875,11.609622199553812,1,59.0,0.8816497286379376,1,59.0
3130.0,1,64.0,3.5555555555555554,12.266571843324364,1,64.0,0.8861532107980665,1,64.0
3135.0,1,69.0,3.8333333333333335,12.416138359588064,1,69.0,0.9032133344905415,1,69.0
3140.0,1,74.0,4.111111111111111,12.439082439901576,1,74.0,0.9069895202619829,1,74.0
3145.0,1,79.0,4.388888888888889,12.450942637014059,1,79.0,0.8963280772044683,1,79.0
3150.0,1,84.0,4.666666666666667,12.442206434882928,1,84.0,0.8920006491123759,1,84.0
3155.0,1,89.0,4.944444444444445,12.452417019305193,1,89.0,0.8883678139119275,1,89.0
3160.0,1,94.0,5.222222222222222,12.450958650562457,1,94.0,0.8620892016336047,1,94.0
3165.0,1,99.0,5.5,12.419210163737398,1,99.0,0.8530800835009804,1,99.0
3170.0,1,2.0,0.1111111111111111,11.907140646770156,1,105.0,0.7402199031617781,1,105.0
3175.0,1,1.0,0.0625,10.064916684861203,1,1.0,0.5804184077194376,1,1.0
3180.0,3,15.0,1.0,9.896841690374607,3,15.0,0.4942622195508626,3,15.0
3185.0,4,31.0,2.2142857142857144,8.283329480453588,4,31.0,0.16779390411010034,4,31.0
3190.0,5,56.0,4.3076923076923075,7.184623390406582,5,56.0,0.02074129528182443,5,56.0
3195.0,6,85.0,6.538461538461538,7.098303724332045,6,85.0,4.578908172263114e-06,6,85.0
3200.0,6,115.0,8.846153846153847,7.0388816107795025,6,115.0,0.0,6,115.0
3205.0,6,145.0,11.153846153846153,6.810730340945005,6,145.0,0.09400321263499435,6,145.0
3210.0,6,175.0,17.5,4.93971045817145,6,175.0,0.127097749514007,6,175.0
3215.0,6,205.0,20.5,5.07493958081503,6,205.0,0.1417251611526567,6,205.0
3220.0,6,235.0,23.5,5.056506974896534,6,235.0,0.13825742671423474,6,235.0
3225.0,6,265.0,26.5,5.028761063730764,6,265.0,0.21634958854570807,6,265.0
3230.0,6,295.0,29.5,5.392477289650544,6,295.0,0.24630749295403948,6,295.0
3235.0,6,325.0,32.5,5.329418028391071,6,325.0,0.24328176103643417,6,325.0
3240.0,6,355.0,39.44444444444444,4.537222394892269,6,355.0,0.24653843823645805,6,355.0
3245.0,6,385.0,42.77777777777778,4.515035037783539,6,385.0,0.24445144618143083,6,385.0
3250.0,6,415.0,51.875,3.7907694140890364,6,415.0,0.24873532738917298,6,415.0
3255.0,6,445.0,55.625,2.9728444337137745,6,445.0,0.19492434645370205,6,445.0
3260.0,7,478.0,59.75,1.889284832727668,7,478.0,0.12361869816001272,7,478.0
3265.0,7,513.0,64.125,1.9100253917657082,7,513.0,0.12497575873938353,7,513.0
3270.0,7,548.0,68.5,1.8501051411674834,7,548.0,0.12105508898564567,7,548.0
3275.0,7,583.0,64.77777777777777,1.7203858154859186,7,583.0,0.12525573598405992,7,583.0
3280.0,4,320.0,35.55555555555556,1.7898959457685417,4,618.0,0.13559493625806085,4,618.0
3285.0,2,211.0,23.444444444444443,3.9505180270344167,2,235.0,0.2756605076204345,2,235.0
3290.0,3,223.0,24.77777777777778,5.788145396481742,3,247.0,0.24265945691560156,3,247.0
3295.0,3,238.0,23.8,8.17541578311501,3,262.0,0.3430461783553692,3,262.0
3300.0,3,253.0,23.0,9.424552923717373,3,277.0,0.4821419073335709,3,277.0
3305.0,3,268.0,24.363636363636363,9.584285794006751,3,292.0,0.49412349048517595,3,292.0
3310.0,3,283.0,23.583333333333332,9.7003217768805,3,307.0,0.5372697535789154,3,307.0
3315.0,3,298.0,24.833333333333332,9.759591885663957,3,322.0,0.5584407824534343,3,322.0
3320.0,3,313.0,26.083333333333332,9.83825614499906,3,337.0,0.5608051512999708,3,337.0
3325.0,3,328.0,27.333333333333332,9.772035960618405,3,352.0,0.5601410451017688,3,352.0
3330.0,3,343.0,26.384615384615383,9.724483018177853,3,367.0,0.56916152144177,3,367.0
3335.0,4,361.0,27.76923076923077,9.145550043415902,4,385.0,0.49177324398304206,4,385.0
3340.0,4,381.0,29.307692307692307,9.14447841935029,4,405.0,0.49485782149957674,4,405.0
3345.0,4,401.0,30.846153846153847,8.371351127148607,4,425.0,0.49376636180898203,4,425.0
3350.0,5,424.0,38.54545454545455,6.664164852658584,5,448.0,0.4315420320266071,5,448.0
3355.0,3,359.0,35.9,6.317367012828207,3,471.0,0.44651481380758845,3,471.0
3360.0,3,374.0,41.55555555555556,6.585702521145421,3,374.0,0.49325041765796135,3,374.0
3365.0,2,371.0,37.1,7.849821853312639,2,388.0,0.5349825200402962,2,388.0
3370.0,2,381.0,38.1,9.089508525419674,2,381.0,0.6324452053276086,2,381.0
3375.0,3,393.0,35.72727272727273,9.000736835755987,3,393.0,0.5427894062284088,3,393.0
3380.0,3,408.0,37.09090909090909,9.505290275081427,3,408.0,0.5582087703234063,3,408.0
3385.0,0,0.0,0.0,9.530805246075307,0,420.0,0.5364197354522352,0,420.0
3390.0,1,3.0,0.2727272727272727,9.690863841819862,1,3.0,0.7306948455569122,1,3.0
3395.0,0,0.0,0.0,10.804550141510568,0,7.0,0.7472144624279198,0,7.0
3400.0,0,0.0,0.0,12.038542760781196,0,0.0,0.9662043476360432,0,0.0
3405.0,0,0.0,0.0,12.82711451587312,0,0.0,0.9845502377929497,0,0.0
3410.0,0,0.0,0.0,13.09546258388259,0,0.0,0.9684729904460148,0,0.0
3415.0,0,0.0,0.0,13.192318748983837,0,0.0,0.9878757509829696,0,0.0
3420.0,0,0.0,0.0,12.93013065843904,0,0.0,0.9891625944524253,0,0.0
3425.0,0,0.0,0.0,11.796333916570966,0,0.0,0.7194599994537647,0,0.0
3430.0,1,4.0,0.5,11.079030207964955,1,4.0,0.49710799045068216,1,4.0
3435.0,0,0.0,0.0,11.191177941318765,0,8.0,0.5206051932370552,0,8.0
3440.0,0,0.0,0.0,11.795077797238713,0,0.0,0.9254500323369473,0,0.0
3445.0,0,0.0,0.0,12.484291883873208,0,0.0,0.9875074280701029,0,0.0
3450.0,0,0.0,0.0,12.621158477254543,0,0.0,0.9710082703322852,0,0.0
3455.0,0,0.0,0.0,12.534635334260994,0,0.0,0.94238830994165,0,0.0
3460.0,0,0.0,0.0,12.849173068840214,0,0.0,0.9750221971792371,0,0.0
3465.0,0,0.0,0.0,12.392603678340627,0,0.0,0.9531871765641686,0,0.0
3470.0,0,0.0,0.0,12.64798640901841,0,0.0,0.9832958836073408,0,0.0
3475.0,0,0.0,0.0,12.727451875580227,0,0.0,0.9750621863322727,0,0.0
3480.0,0,0.0,0.0,12.586802105150069,0,0.0,0.9413040908939804,0,0.0
3485.0,0,0.0,0.0,12.849203674216254,0,0.0,0.9634967176438995,0,0.0
3490.0,1,1.0,0.1,11.445772426644822,1,1.0,0.8708902781696403,1,1.0
3495.0,2,8.0,0.7272727272727273,10.665746302421775,2,8.0,0.7636955280534405,2,8.0
3500.0,2,18.0,1.6363636363636365,9.938533814364659,2,18.0,0.6904568172872143,2,18.0
3505.0,3,33.0,3.3,9.162241017774885,3,33.0,0.6561498550611893,3,33.0
3510.0,2,3.0,0.3,7.223274086789682,2,48.0,0.5116767507095157,2,48.0
3515.0,1,7.0,0.7,8.760278091937147,1,7.0,0.8190664130463402,1,7.0
3520.0,0,0.0,0.0,10.35639762587038,0,11.0,0.8345435543266534,0,11.0
3525.0,0,0.0,0.0,10.668083624498323,0,0.0,0.7884130036301762,0,0.0
3530.0,0,0.0,0.0,10.771498599908366,0,4.0,0.658656260302747,0,4.0
3535.0,1,3.0,0.3,11.139220239319009,1,3.0,0.497519162066918,1,3.0
3540.0,1,8.0,0.8,10.944046051312892,1,8.0,0.0,1,8.0
3545.0,1,13.0,1.3,11.626443218592744,1,13.0,0.0,1,13.0
3550.0,1,18.0,1.6363636363636365,11.919073640904616,1,18.0,0.3868994005844967,1,18.0
3555.0,1,23.0,2.090909090909091,12.36383211021388,1,23.0,0.49711497270996335,1,23.0
3560.0,1,28.0,2.5454545454545454,12.185633519529093,1,28.0,0.4828550928636886,1,28.0
3565.0,1,33.0,3.0,12.271632321351126,1,33.0,0.48206424250968577,1,33.0
3570.0,1,38.0,3.8,12.014378342771888,1,38.0,0.4808505208356078,1,38.0
3575.0,1,43.0,4.3,12.015655734081736,1,43.0,0.4958520324722187,1,43.0
3580.0,1,48.0,4.8,12.109763866552601,1,48.0,0.49789757379246846,1,48.0
3585.0,1,53.0,7.571428571428571,11.17057906338901,1,53.0,0.6470573057910293,1,53.0
3590.0,1,58.0,11.6,9.48472629940499,1,58.0,0.6452498813113441,1,58.0
3595.0,1,63.0,15.75,9.302845918497525,1,63.0,0.6553841756726415,1,63.0
3600.0,1,68.0,22.666666666666668,8.137841694674243,1,68.0,0.6557781717008982,1,68.0
3605.0,1,73.0,24.333333333333332,8.159829823180202,1,73.0,0.6578135210259359,1,73.0
3610.0,1,78.0,26.0,5.273789830294449,1,78.0,0.4334642888749616,1,78.0
3615.0,2,87.0,29.0,3.8570370213219825,2,87.0,0.324170500559328,2,87.0
3620.0,2,97.0,24.25,5.6696740773982315,2,97.0,0.4680121988265964,2,97.0
3625.0,2,107.0,21.4,7.325156152576872,2,107.0,0.5573798262243307,2,107.0
3630.0,2,117.0,19.5,8.11714839402099,2,117.0,0.6111136494371531,2,117.0
3635.0,2,127.0,21.166666666666668,8.6980971370339,2,127.0,0.6547097413153964,2,127.0
3640.0,2,137.0,22.833333333333332,8.728145661373894,2,137.0,0.6576322621378595,2,137.0
3645.0,2,147.0,24.5,8.70091909825767,2,147.0,0.6546325419257547,2,147.0
3650.0,2,157.0,26.166666666666668,8.609797472035318,2,157.0,0.5849996324094733,2,157.0
3655.0,2,167.0,27.833333333333332,8.709402062268579,2,167.0,0.5882160634553376,2,167.0
3660.0,1,49.0,8.166666666666666,8.851996363293962,1,176.0,0.6032835717445552,1,176.0
3665.0,1,54.0,9.0,9.47556235656573,1,54.0,0.735814305689923,1,54.0
3670.0,1,59.0,9.833333333333334,9.926877011187026,1,59.0,0.7079031837806496,1,59.0
3675.0,2,66.0,9.428571428571429,8.528812064174721,2,66.0,0.5543568370844537,2,66.0
3680.0,2,76.0,10.857142857142858,8.654228345397133,2,76.0,0.5664710269846007,2,76.0
3685.0,3,88.0,12.571428571428571,7.125193029624157,3,88.0,0.3908708670758233,3,88.0
3690.0,2,96.0,13.714285714285714,5.673020820574804,2,102.0,0.260522301034376,2,102.0
3695.0,2,106.0,15.142857142857142,6.7230604046746505,2,106.0,0.3255285860488096,2,106.0
3700.0,2,116.0,16.571428571428573,7.789478717896391,2,116.0,0.3262153268731624,2,116.0
3705.0,2,126.0,18.0,8.739574481093559,2,126.0,0.32240771551833164,2,126.0
3710.0,2,136.0,19.428571428571427,8.843535565234193,2,136.0,0.32769812885651867,2,136.0
3715.0,2,146.0,20.857142857142858,9.08692982993217,2,146.0,0.45295023981636323,2,146.0
3720.0,2,156.0,22.285714285714285,9.48931121930418,2,156.0,0.49565301058673594,2,156.0
3725.0,2,166.0,23.714285714285715,8.557726584533054,2,166.0,0.38663463003499776,2,166.0
3730.0,2,176.0,25.142857142857142,7.496099478789654,2,179.0,0.259023283939814,2,179.0
3735.0,2,186.0,26.571428571428573,7.99431381608258,2,186.0,0.3301449224194231,2,186.0
3740.0,2,196.0,28.0,8.625639954107552,2,196.0,0.42441888551991713,2,196.0
3745.0,2,206.0,29.428571428571427,9.799542744302727,2,206.0,0.4861248427953778,2,206.0
3750.0,2,216.0,30.857142857142858,10.130618101443236,2,216.0,0.4890534117178039,2,216.0
3755.0,2,226.0,32.285714285714285,10.251007929868404,2,226.0,0.4982212625057849,2,226.0
3760.0,2,236.0,39.333333333333336,9.008102431860324,2,236.0,0.329251807406229,2,236.0
3765.0,2,246.0,41.0,9.512968071841643,2,246.0,0.46248530086112244,2,246.0
3770.0,2,256.0,42.666666666666664,9.835424011947667,2,256.0,0.48591767198303915,2,256.0
3775.0,2,266.0,44.333333333333336,9.784458551619904,2,266.0,0.4851772011984747,2,266.0
3780.0,2,276.0,46.0,9.819520173968828,2,276.0,0.4958013587056015,2,276.0
3785.0,2,286.0,47.666666666666664,9.112629215866747,2,286.0,0.4275427776809866,2,286.0
3790.0,2,296.0,49.333333333333336,7.202805793647496,2,297.0,0.2507797184356783,2,297.0
3795.0,2,306.0,61.2,6.566970440116523,2,306.0,0.3215772198505862,2,306.0
3800.0,2,316.0,63.2,7.3326308513524,2,316.0,0.3284411949446622,2,316.0
3805.0,2,326.0,65.2,7.943347628926671,2,326.0,0.32195801907732957,2,326.0
3810.0,2,336.0,56.0,8.95862284296875,2,336.0,0.4812464431885306,2,336.0
3815.0,2,346.0,69.2,7.975439449028113,2,346.0,0.4891730512580463,2,346.0
3820.0,2,356.0,59.333333333333336,8.551931752979291,2,356.0,0.5483900001149722,2,356.0
3825.0,3,367.0,61.166666666666664,6.91231915695504,3,367.0,0.39233645089439056,3,367.0
3830.0,3,382.0,63.666666666666664,6.95824650032489,3,382.0,0.39622006163976203,3,382.0
3835.0,3,397.0,66.16666666666667,6.89626045553833,3,397.0,0.39344632384162137,3,397.0
3840.0,3,412.0,58.857142857142854,7.694411051373501,3,412.0,0.4815496214365697,3,412.0
3845.0,3,427.0,61.0,7.803378641052122,3,427.0,0.49201284510874715,3,427.0
3850.0,3,442.0,73.66666666666667,6.425776906270701,3,442.0,0.493973512759716,3,442.0
3855.0,3,457.0,65.28571428571429,7.097689404200507,3,457.0,0.5433425134019645,3,457.0
3860.0,3,472.0,67.42857142857143,7.371297670358975,3,472.0,0.5642450438536029,3,472.0
3865.0,3,487.0,60.875,7.934410895014573,3,487.0,0.6042847220309819,3,487.0
3870.0,3,502.0,62.75,7.748770957497401,3,502.0,0.5922621381905881,3,502.0
3875.0,4,519.0,64.875,6.33278117863291,4,519.0,0.49561779016994256,4,519.0
3880.0,4,539.0,67.375,6.1907780215869535,4,539.0,0.41569124021588477,4,539.0
3885.0,4,559.0,62.111111111111114,6.745449865472098,4,559.0,0.4734685571988468,4,559.0
3890.0,4,579.0,64.33333333333333,6.940208954148578,4,579.0,0.49228048458513524,4,579.0
3895.0,3,577.0,64.11111111111111,6.463628868864474,3,598.0,0.43054844131410847,3,598.0
3900.0,3,592.0,65.77777777777777,7.284133424614802,3,592.0,0.4922226743675739,3,592.0
3905.0,3,607.0,67.44444444444444,7.739578913063498,3,607.0,0.4886156806183611,3,607.0
3910.0,3,622.0,69.11111111111111,8.09852218275713,3,622.0,0.4795748687163885,3,622.0
3915.0,3,637.0,70.77777777777777,7.21126307571414,3,638.0,0.3432159612036527,3,638.0
3920.0,3,652.0,72.44444444444444,6.753478380996896,3,652.0,0.2739456921371812,3,652.0
3925.0,3,667.0,66.7,7.058723284413423,3,670.0,0.3160272398770375,3,670.0
3930.0,3,682.0,68.2,7.945488985120778,3,682.0,0.3920228970770351,3,682.0
3935.0,3,697.0,69.7,8.353404440478727,3,697.0,0.3953217740467353,3,697.0
3940.0,3,712.0,71.2,8.75659131471005,3,712.0,0.39371271393720403,3,712.0
3945.0,3,727.0,72.7,8.62067903820467,3,727.0,0.35838946015013234,3,727.0
3950.0,4,745.0,74.5,7.609711700165525,4,745.0,0.19277514994914174,4,745.0
3955.0,3,757.0,84.11111111111111,7.37371781409651,3,764.0,0.21030440231671538,3,764.0
3960.0,3,772.0,110.28571428571429,6.0827495593861824,3,772.0,0.24114194423985089,3,772.0
3965.0,3,787.0,112.42857142857143,6.607457579072113,3,787.0,0.24757200705843393,3,787.0
3970.0,3,802.0,114.57142857142857,7.140975165788032,3,802.0,0.24158733525828824,3,802.0
3975.0,3,817.0,116.71428571428571,7.2201267452056594,3,817.0,0.2448429144517525,3,817.0
3980.0,3,832.0,118.85714285714286,7.1891169435754625,3,832.0,0.2455363798904515,3,832.0
3985.0,1,312.0,52.0,6.404491763024244,1,845.0,0.25834830920386714,1,845.0
3990.0,2,319.0,53.166666666666664,5.60374471390312,2,319.0,0.0009573008260656599,2,319.0
3995.0,2,329.0,65.8,5.492659291284074,2,329.0,0.0,2,329.0
4000.0,2,339.0,67.8,7.07540593995611,2,339.0,0.0,2,339.0
4005.0,2,349.0,69.8,7.513584957979951,2,349.0,0.0,2,349.0
4010.0,2,359.0,71.8,7.553475336414162,2,359.0,0.0,2,359.0
4015.0,2,369.0,73.8,7.534002972101193,2,369.0,0.0,2,369.0
4020.0,1,347.0,69.4,7.590091724866402,1,378.0,0.029125945643498966,1,378.0
4025.0,1,352.0,88.0,7.409525009630535,1,352.0,0.0,1,352.0
4030.0,0,0.0,0.0,8.657986597538049,0,356.0,0.04811453770726287,0,356.0
4035.0,0,0.0,0.0,10.528360974599785,0,0.0,1.0,0,0.0
4040.0,0,0.0,0.0,11.475875325852774,0,0.0,0.8228977850176745,0,0.0
4045.0,0,0.0,0.0,12.828037375822953,0,0.0,0.9912278833441525,0,0.0
4050.0,0,0.0,0.0,13.195552736970892,0,0.0,0.9791814221242503,0,0.0
4055.0,0,0.0,0.0,13.79163751018835,0,0.0,0.9834567269197921,0,0.0
4060.0,0,0.0,0.0,13.654699858366316,0,0.0,0.9787283485502488,0,0.0
4065.0,0,0.0,0.0,13.508205363576415,0,0.0,0.9745135546238529,0,0.0
4070.0,0,0.0,0.0,13.225518132306023,0,0.0,0.911920159402434,0,0.0
4075.0,0,0.0,0.0,13.757197978417617,0,0.0,0.9780760101560815,0,0.0
4080.0,0,0.0,0.0,13.719127406488633,0,0.0,0.9772072638834952,0,0.0
4085.0,0,0.0,0.0,13.849029459065287,0,0.0,0.9936292927824131,0,0.0
4090.0,0,0.0,0.0,13.29025309083236,0,0.0,0.9874618679117084,0,0.0
4095.0,1,1.0,0.5,7.180245061525532,1,1.0,0.4981920214787946,1,1.0
4100.0,0,0.0,0.0,7.446280707412549,0,5.0,0.5172433829796627,0,5.0
4105.0,0,0.0,0.0,9.024556831205878,0,0.0,0.969227447066894,0,0.0
4110.0,0,0.0,0.0,10.91853627973996,0,0.0,0.9904449031125668,0,0.0
4115.0,0,0.0,0.0,12.699201160034313,0,0.0,0.9783315492750317,0,0.0
4120.0,0,0.0,0.0,11.905116661738722,0,0.0,0.6893418753042172,0,0.0
4125.0,1,3.0,1.5,6.717114329639335,1,3.0,0.0001232611449238698,1,3.0
4130.0,0,0.0,0.0,7.234753186764564,0,7.0,0.04234489863770557,0,7.0
4135.0,0,0.0,0.0,8.82193881524391,0,0.0,1.0,0,0.0
4140.0,0,0.0,0.0,10.804926722551599,0,0.0,1.0,0,0.0
4145.0,0,0.0,0.0,12.770815252567544,0,0.0,1.0,0,0.0
4150.0,0,0.0,0.0,12.893576354101734,0,0.0,0.6664412101184307,0,0.0
4155.0,0,0.0,0.0,14.350409306394681,0,0.0,0.8745177251299067,0,0.0
4160.0,0,0.0,0.0,14.878772721008032,0,0.0,0.9879700476228682,0,0.0
4165.0,0,0.0,0.0,14.881130882774734,0,0.0,0.9869335681196825,0,0.0
4170.0,0,0.0,0.0,15.571201035458142,0,0.0,0.9996303378983002,0,0.0
4175.0,0,0.0,0.0,15.42934578755732,0,0.0,0.9849998747406035,0,0.0
4180.0,0,0.0,0.0,15.528473621055962,0,0.0,0.9822465070371764,0,0.0
4185.0,0,0.0,0.0,15.462654676226446,0,0.0,0.9860540449756292,0,0.0
4190.0,0,0.0,0.0,15.444006147907128,0,0.0,0.9970509952165566,0,0.0
4195.0,0,0.0,0.0,16.695740765892356,0,0.0,1.0,0,0.0
4200.0,0,0.0,0.0,16.590370562160775,0,0.0,1.0,0,0.0
4205.0,0,0.0,0.0,16.594671486528046,0,0.0,1.0,0,0.0
4210.0,0,0.0,0.0,16.539953624713622,0,0.0,1.0,0,0.0
4215.0,0,0.0,0.0,16.899403667427055,0,0.0,1.0,0,0.0
4220.0,0,0.0,0.0,16.607521523954734,0,0.0,1.0,0,0.0
4225.0,0,0.0,0.0,16.459435009863615,0,0.0,1.0,0,0.0
4230.0,0,0.0,0.0,16.91437770577652,0,0.0,1.0,0,0.0
4235.0,0,0.0,0.0,16.819536069874108,0,0.0,1.0,0,0.0
4240.0,0,0.0,0.0,16.950782692176677,0,0.0,1.0,0,0.0
4245.0,0,0.0,0.0,0.0,0,0.0,1.0,0,0.0
4250.0,0,0.0,0.0,0.0,0,0.0,1.0,0,0.0
4255.0,0,0.0,0.0,0.0,0,0.0,1.0,0,0.0
4260.0,0,0.0,0.0,0.0,0,0.0,1.0,0,0.0
4265.0,0,0.0,0.0,0.0,0,0.0,1.0,0,0.0
4270.0,0,0.0,0.0,0.0,0,0.0,1.0,0,0.0
4275.0,0,0.0,0.0,0.0,0,0.0,1.0,0,0.0
4280.0,0,0.0,0.0,0.0,0,0.0,1.0,0,0.0
4285.0,0,0.0,0.0,0.0,0,0.0,1.0,0,0.0
4290.0,0,0.0,0.0,0.0,0,0.0,1.0,0,0.0
4295.0,0,0.0,0.0,0.0,0,0.0,1.0,0,0.0
4300.0,0,0.0,0.0,0.0,0,0.0,1.0,0,0.0
4305.0,0,0.0,0.0,0.0,0,0.0,1.0,0,0.0
4310.0,0,0.0,0.0,10.0,0,0.0,0.81432236693545,0,0.0
4315.0,0,0.0,0.0,12.172696863302752,0,0.0,0.9912499321712426,0,0.0
4320.0,0,0.0,0.0,11.815754362267233,0,0.0,0.9621833059409323,0,0.0
4325.0,0,0.0,0.0,12.05407696240747,0,0.0,0.9815904483249731,0,0.0
4330.0,0,0.0,0.0,12.06304279144553,0,0.0,0.9823205558373543,0,0.0
4335.0,0,0.0,0.0,11.781230947004422,0,0.0,0.9593719870177815,0,0.0
4340.0,0,0.0,0.0,12.046302782606125,0,0.0,0.9809573794752918,0,0.0
4345.0,0,0.0,0.0,12.020584129031539,0,0.0,0.9788630519899668,0,0.0
4350.0,0,0.0,0.0,12.133471206297889,0,0.0,0.9880556991855628,0,0.0
4355.0,0,0.0,0.0,11.843439262711234,0,0.0,0.9644377493067254,0,0.0
4360.0,0,0.0,0.0,11.955969063566789,0,0.0,0.9736013026850724,0,0.0
4365.0,0,0.0,0.0,11.960232717568777,0,0.0,0.9739485015669417,0,0.0
4370.0,0,0.0,0.0,12.05473030044397,0,0.0,0.9816436511026022,0,0.0
4375.0,1,1.0,1.0,0.015540510381,1,1.0,0.0012654985196840851,1,1.0
4380.0,0,0.0,0.0,0.6747737237193749,0,5.0,0.05494833358450089,0,5.0
4385.0,0,0.0,0.0,7.845841507402,0,0.0,0.9615830466415458,0,0.0
4390.0,0,0.0,0.0,9.701829045519915,0,0.0,0.9690703815473328,0,0.0
4395.0,0,0.0,0.0,11.481724286833995,0,0.0,0.9663010749890614,0,0.0
4400.0,0,0.0,0.0,11.44947365371209,0,0.0,0.969292593300131,0,0.0
4405.0,0,0.0,0.0,11.654605905201066,0,0.0,0.973993764031913,0,0.0
4410.0,0,0.0,0.0,11.538027059893835,0,0.0,0.9648359316888053,0,0.0
4415.0,0,0.0,0.0,11.729945308146313,0,0.0,0.9998936099398288,0,0.0
4420.0,0,0.0,0.0,11.627551774053615,0,0.0,0.9618330817217615,0,0.0
4425.0,0,0.0,0.0,11.772233930266708,0,0.0,0.9831557024887994,0,0.0
4430.0,0,0.0,0.0,11.454768308172248,0,0.0,0.962407984413927,0,0.0
4435.0,0,0.0,0.0,11.535475280742872,0,0.0,0.968289429147859,0,0.0
4440.0,0,0.0,0.0,11.806795350126237,0,0.0,0.9913076176218275,0,0.0
4445.0,0,0.0,0.0,11.702312021890435,0,0.0,0.9860491324841387,0,0.0
4450.0,0,0.0,0.0,6.484251784349928,0,0.0,0.07947503642790463,0,0.0
4455.0,1,4.0,4.0,0.0,1,4.0,0.0,1,4.0
4460.0,0,0.0,0.0,0.7132524867774919,0,8.0,0.062189743299377535,0,8.0
4465.0,0,0.0,0.0,4.541644823970273,0,0.0,1.0,0,0.0
4470.0,0,0.0,0.0,8.346818708931096,0,0.0,1.0,0,0.0
4475.0,0,0.0,0.0,11.115200518445812,0,0.0,1.0,0,0.0
4480.0,0,0.0,0.0,11.338807850775078,0,0.0,1.0,0,0.0
4485.0,0,0.0,0.0,10.990201126133792,0,0.0,1.0,0,0.0
4490.0,0,0.0,0.0,11.288384087199114,0,0.0,1.0,0,0.0
4495.0,0,0.0,0.0,11.025811143384084,0,0.0,1.0,0,0.0
4500.0,0,0.0,0.0,11.157444233122982,0,0.0,1.0,0,0.0
4505.0,0,0.0,0.0,11.146795994068265,0,0.0,1.0,0,0.0
4510.0,0,0.0,0.0,11.19820155487559,0,0.0,1.0,0,0.0
4515.0,0,0.0,0.0,11.466880859738916,0,0.0,1.0,0,0.0
4520.0,0,0.0,0.0,11.042021646445386,0,0.0,1.0,0,0.0
4525.0,0,0.0,0.0,11.10443703881628,0,0.0,1.0,0,0.0
4530.0,0,0.0,0.0,11.074130427606173,0,0.0,1.0,0,0.0
4535.0,0,0.0,0.0,10.977833857808031,0,0.0,1.0,0,0.0
4540.0,0,0.0,0.0,0.0,0,0.0,1.0,0,0.0
4545.0,0,0.0,0.0,0.0,0,0.0,1.0,0,0.0
4550.0,0,0.0,0.0,0.0,0,0.0,1.0,0,0.0
4555.0,0,0.0,0.0,0.0,0,0.0,1.0,0,0.0
4560.0,0,0.0,0.0,0.0,0,0.0,1.0,0,0.0
4565.0,0,0.0,0.0,0.0,0,0.0,1.0,0,0.0
4570.0,0,0.0,0.0,0.0,0,0.0,1.0,0,0.0
4575.0,0,0.0,0.0,0.0,0,0.0,1.0,0,0.0
4580.0,0,0.0,0.0,0.0,0,0.0,1.0,0,0.0
4585.0,0,0.0,0.0,0.0,0,0.0,1.0,0,0.0
4590.0,0,0.0,0.0,0.0,0,0.0,1.0,0,0.0
4595.0,0,0.0,0.0,0.0,0,0.0,1.0,0,0.0
4600.0,0,0.0,0.0,0.0,0,0.0,1.0,0,0.0
4605.0,0,0.0,0.0,0.0,0,0.0,1.0,0,0.0
4610.0,0,0.0,0.0,0.0,0,0.0,1.0,0,0.0
4615.0,0,0.0,0.0,0.0,0,0.0,1.0,0,0.0
4620.0,0,0.0,0.0,0.0,0,0.0,1.0,0,0.0
4625.0,0,0.0,0.0,0.0,0,0.0,1.0,0,0.0
4630.0,0,0.0,0.0,0.0,0,0.0,1.0,0,0.0
4635.0,0,0.0,0.0,0.0,0,0.0,1.0,0,0.0
4640.0,0,0.0,0.0,0.0,0,0.0,1.0,0,0.0
4645.0,0,0.0,0.0,0.0,0,0.0,1.0,0,0.0
4650.0,0,0.0,0.0,0.0,0,0.0,1.0,0,0.0
4655.0,0,0.0,0.0,0.0,0,0.0,1.0,0,0.0
4660.0,0,0.0,0.0,0.0,0,0.0,1.0,0,0.0
4665.0,0,0.0,0.0,0.0,0,0.0,1.0,0,0.0
4670.0,0,0.0,0.0,0.0,0,0.0,1.0,0,0.0
4675.0,0,0.0,0.0,0.0,0,0.0,1.0,0,0.0
4680.0,0,0.0,0.0,0.0,0,0.0,1.0,0,0.0
4685.0,0,0.0,0.0,0.0,0,0.0,1.0,0,0.0
4690.0,0,0.0,0.0,0.0,0,0.0,1.0,0,0.0
4695.0,0,0.0,0.0,0.0,0,0.0,1.0,0,0.0
4700.0,0,0.0,0.0,0.0,0,0.0,1.0,0,0.0
4705.0,0,0.0,0.0,0.0,0,0.0,1.0,0,0.0
4710.0,0,0.0,0.0,0.0,0,0.0,1.0,0,0.0
4715.0,0,0.0,0.0,0.0,0,0.0,1.0,0,0.0
4720.0,0,0.0,0.0,0.0,0,0.0,1.0,0,0.0
4725.0,0,0.0,0.0,0.0,0,0.0,1.0,0,0.0
4730.0,0,0.0,0.0,0.0,0,0.0,1.0,0,0.0
4735.0,0,0.0,0.0,0.0,0,0.0,1.0,0,0.0
4740.0,0,0.0,0.0,0.0,0,0.0,1.0,0,0.0
4745.0,0,0.0,0.0,0.0,0,0.0,1.0,0,0.0
4750.0,0,0.0,0.0,0.0,0,0.0,1.0,0,0.0
4755.0,0,0.0,0.0,0.0,0,0.0,1.0,0,0.0
4760.0,0,0.0,0.0,0.0,0,0.0,1.0,0,0.0
4765.0,0,0.0,0.0,0.0,0,0.0,1.0,0,0.0
4770.0,0,0.0,0.0,0.0,0,0.0,1.0,0,0.0
4775.0,0,0.0,0.0,0.0,0,0.0,1.0,0,0.0
4780.0,0,0.0,0.0,0.0,0,0.0,1.0,0,0.0
4785.0,0,0.0,0.0,0.0,0,0.0,1.0,0,0.0
4790.0,0,0.0,0.0,0.0,0,0.0,1.0,0,0.0
4795.0,0,0.0,0.0,0.0,0,0.0,1.0,0,0.0
4800.0,0,0.0,0.0,0.0,0,0.0,1.0,0,0.0
4805.0,0,0.0,0.0,0.0,0,0.0,1.0,0,0.0
4810.0,0,0.0,0.0,0.0,0,0.0,1.0,0,0.0
4815.0,0,0.0,0.0,0.0,0,0.0,1.0,0,0.0
4820.0,0,0.0,0.0,0.0,0,0.0,1.0,0,0.0
4825.0,0,0.0,0.0,0.0,0,0.0,1.0,0,0.0
4830.0,0,0.0,0.0,0.0,0,0.0,1.0,0,0.0
4835.0,0,0.0,0.0,0.0,0,0.0,1.0,0,0.0
4840.0,0,0.0,0.0,0.0,0,0.0,1.0,0,0.0
4845.0,0,0.0,0.0,0.0,0,0.0,1.0,0,0.0
4850.0,0,0.0,0.0,0.0,0,0.0,1.0,0,0.0
4855.0,0,0.0,0.0,0.0,0,0.0,1.0,0,0.0
4860.0,0,0.0,0.0,0.0,0,0.0,1.0,0,0.0
4865.0,0,0.0,0.0,0.0,0,0.0,1.0,0,0.0
4870.0,0,0.0,0.0,0.0,0,0.0,1.0,0,0.0
4875.0,0,0.0,0.0,0.0,0,0.0,1.0,0,0.0
4880.0,0,0.0,0.0,0.0,0,0.0,1.0,0,0.0
4885.0,0,0.0,0.0,0.0,0,0.0,1.0,0,0.0
4890.0,0,0.0,0.0,0.0,0,0.0,1.0,0,0.0
4895.0,0,0.0,0.0,0.0,0,0.0,1.0,0,0.0
4900.0,0,0.0,0.0,0.0,0,0.0,1.0,0,0.0
4905.0,0,0.0,0.0,0.0,0,0.0,1.0,0,0.0
4910.0,0,0.0,0.0,0.0,0,0.0,1.0,0,0.0
4915.0,0,0.0,0.0,0.0,0,0.0,1.0,0,0.0
4920.0,0,0.0,0.0,0.0,0,0.0,1.0,0,0.0
4925.0,0,0.0,0.0,0.0,0,0.0,1.0,0,0.0
4930.0,0,0.0,0.0,0.0,0,0.0,1.0,0,0.0
4935.0,0,0.0,0.0,0.0,0,0.0,1.0,0,0.0
4940.0,0,0.0,0.0,0.0,0,0.0,1.0,0,0.0
4945.0,0,0.0,0.0,0.0,0,0.0,1.0,0,0.0
4950.0,0,0.0,0.0,0.0,0,0.0,1.0,0,0.0
4955.0,0,0.0,0.0,0.0,0,0.0,1.0,0,0.0
4960.0,0,0.0,0.0,0.0,0,0.0,1.0,0,0.0
4965.0,0,0.0,0.0,0.0,0,0.0,1.0,0,0.0
4970.0,0,0.0,0.0,0.0,0,0.0,1.0,0,0.0
4975.0,0,0.0,0.0,0.0,0,0.0,1.0,0,0.0
4980.0,0,0.0,0.0,0.0,0,0.0,1.0,0,0.0
4985.0,0,0.0,0.0,0.0,0,0.0,1.0,0,0.0
4990.0,0,0.0,0.0,0.0,0,0.0,1.0,0,0.0
4995.0,0,0.0,0.0,0.0,0,0.0,1.0,0,0.0
5000.0,0,0.0,0.0,0.0,0,0.0,1.0,0,0.0
5005.0,0,0.0,0.0,0.0,0,0.0,1.0,0,0.0
5010.0,0,0.0,0.0,0.0,0,0.0,1.0,0,0.0
5015.0,0,0.0,0.0,0.0,0,0.0,1.0,0,0.0
5020.0,0,0.0,0.0,0.0,0,0.0,1.0,0,0.0
5025.0,0,0.0,0.0,0.0,0,0.0,1.0,0,0.0
5030.0,0,0.0,0.0,0.0,0,0.0,1.0,0,0.0
5035.0,0,0.0,0.0,0.0,0,0.0,1.0,0,0.0
5040.0,0,0.0,0.0,0.0,0,0.0,1.0,0,0.0
5045.0,0,0.0,0.0,0.0,0,0.0,1.0,0,0.0
5050.0,0,0.0,0.0,0.0,0,0.0,1.0,0,0.0
5055.0,0,0.0,0.0,0.0,0,0.0,1.0,0,0.0
5060.0,0,0.0,0.0,0.0,0,0.0,1.0,0,0.0
5065.0,0,0.0,0.0,0.0,0,0.0,1.0,0,0.0
5070.0,0,0.0,0.0,0.0,0,0.0,1.0,0,0.0
5075.0,0,0.0,0.0,0.0,0,0.0,1.0,0,0.0
5080.0,0,0.0,0.0,0.0,0,0.0,1.0,0,0.0
5085.0,0,0.0,0.0,0.0,0,0.0,1.0,0,0.0
5090.0,0,0.0,0.0,0.0,0,0.0,1.0,0,0.0
5095.0,0,0.0,0.0,0.0,0,0.0,1.0,0,0.0
5100.0,0,0.0,0.0,0.0,0,0.0,1.0,0,0.0
5105.0,0,0.0,0.0,0.0,0,0.0,1.0,0,0.0
5110.0,0,0.0,0.0,0.0,0,0.0,1.0,0,0.0
5115.0,0,0.0,0.0,0.0,0,0.0,1.0,0,0.0
5120.0,0,0.0,0.0,0.0,0,0.0,1.0,0,0.0
5125.0,0,0.0,0.0,0.0,0,0.0,1.0,0,0.0
5130.0,0,0.0,0.0,0.0,0,0.0,1.0,0,0.0
5135.0,0,0.0,0.0,0.0,0,0.0,1.0,0,0.0
5140.0,0,0.0,0.0,0.0,0,0.0,1.0,0,0.0
5145.0,0,0.0,0.0,0.0,0,0.0,1.0,0,0.0
5150.0,0,0.0,0.0,0.0,0,0.0,1.0,0,0.0
5155.0,0,0.0,0.0,0.0,0,0.0,1.0,0,0.0
5160.0,0,0.0,0.0,0.0,0,0.0,1.0,0,0.0
5165.0,0,0.0,0.0,0.0,0,0.0,1.0,0,0.0
5170.0,0,0.0,0.0,0.0,0,0.0,1.0,0,0.0
5175.0,0,0.0,0.0,0.0,0,0.0,1.0,0,0.0
5180.0,0,0.0,0.0,0.0,0,0.0,1.0,0,0.0
5185.0,0,0.0,0.0,0.0,0,0.0,1.0,0,0.0
5190.0,0,0.0,0.0,0.0,0,0.0,1.0,0,0.0
5195.0,0,0.0,0.0,0.0,0,0.0,1.0,0,0.0
5200.0,0,0.0,0.0,0.0,0,0.0,1.0,0,0.0
5205.0,0,0.0,0.0,0.0,0,0.0,1.0,0,0.0
5210.0,0,0.0,0.0,0.0,0,0.0,1.0,0,0.0
5215.0,0,0.0,0.0,0.0,0,0.0,1.0,0,0.0
5220.0,0,0.0,0.0,0.0,0,0.0,1.0,0,0.0
5225.0,0,0.0,0.0,0.0,0,0.0,1.0,0,0.0
5230.0,0,0.0,0.0,0.0,0,0.0,1.0,0,0.0
5235.0,0,0.0,0.0,0.0,0,0.0,1.0,0,0.0
5240.0,0,0.0,0.0,0.0,0,0.0,1.0,0,0.0
5245.0,0,0.0,0.0,0.0,0,0.0,1.0,0,0.0
5250.0,0,0.0,0.0,0.0,0,0.0,1.0,0,0.0
5255.0,0,0.0,0.0,0.0,0,0.0,1.0,0,0.0
5260.0,0,0.0,0.0,0.0,0,0.0,1.0,0,0.0
5265.0,0,0.0,0.0,0.0,0,0.0,1.0,0,0.0
5270.0,0,0.0,0.0,0.0,0,0.0,1.0,0,0.0
5275.0,0,0.0,0.0,0.0,0,0.0,1.0,0,0.0
5280.0,0,0.0,0.0,0.0,0,0.0,1.0,0,0.0
5285.0,0,0.0,0.0,0.0,0,0.0,1.0,0,0.0
5290.0,0,0.0,0.0,0.0,0,0.0,1.0,0,0.0
5295.0,0,0.0,0.0,0.0,0,0.0,1.0,0,0.0
5300.0,0,0.0,0.0,0.0,0,0.0,1.0,0,0.0
5305.0,0,0.0,0.0,0.0,0,0.0,1.0,0,0.0
5310.0,0,0.0,0.0,0.0,0,0.0,1.0,0,0.0
5315.0,0,0.0,0.0,0.0,0,0.0,1.0,0,0.0
5320.0,0,0.0,0.0,0.0,0,0.0,1.0,0,0.0
5325.0,0,0.0,0.0,0.0,0,0.0,1.0,0,0.0
5330.0,0,0.0,0.0,0.0,0,0.0,1.0,0,0.0
5335.0,0,0.0,0.0,0.0,0,0.0,1.0,0,0.0
5340.0,0,0.0,0.0,0.0,0,0.0,1.0,0,0.0
5345.0,0,0.0,0.0,0.0,0,0.0,1.0,0,0.0
5350.0,0,0.0,0.0,0.0,0,0.0,1.0,0,0.0
5355.0,0,0.0,0.0,0.0,0,0.0,1.0,0,0.0
5360.0,0,0.0,0.0,0.0,0,0.0,1.0,0,0.0
5365.0,0,0.0,0.0,0.0,0,0.0,1.0,0,0.0
5370.0,0,0.0,0.0,0.0,0,0.0,1.0,0,0.0
5375.0,0,0.0,0.0,0.0,0,0.0,1.0,0,0.0
5380.0,0,0.0,0.0,0.0,0,0.0,1.0,0,0.0
5385.0,0,0.0,0.0,0.0,0,0.0,1.0,0,0.0
5390.0,0,0.0,0.0,0.0,0,0.0,1.0,0,0.0
5395.0,0,0.0,0.0,0.0,0,0.0,1.0,0,0.0
5400.0,0,0.0,0.0,0.0,0,0.0,1.0,0,0.0
